t,strain,damage,stress,temperature
0.043744746815724656,2.293158012424693e-21,-1.1840052036711086e-42,115.24863586544757,954.7912855126904
0.7965753379220977,6.451376380948786e-20,-8.562348436297674e-42,115.24863586544757,954.7912855126904
1.9213110107350688,1.149592516758185e-19,-9.538995546208907e-42,115.24863586544757,954.7912855126904
3.0494014772533986,3.156242510000211e-20,1.4809823179940432e-43,115.24863586544757,954.7912855126904
4.250703598358232,3.0893250998525144e-20,2.1485839599386515e-42,115.24863586544757,954.7912855126904
4.946474284472116,-6.116810751251186e-21,1.0457028014882048e-41,115.24863586544757,954.7912855126904
6.103157889810369,1.0471942671675428e-20,4.261497849039913e-42,115.24863586544757,954.7912855126904
7.048968137535902,-9.503620286728483e-20,-8.312973147155213e-42,115.24863586544757,954.7912855126904
8.061035619022002,7.021420884613378e-20,-2.9600356194016765e-42,115.24863586544757,954.7912855126904
8.991568931307263,6.520366308280589e-20,1.1814171898910514e-41,115.24863586544757,954.7912855126904
9.98566595986938,1.2117336701143776e-19,-3.5660243616536056e-42,115.24863586544757,954.7912855126904
11.28212619912394,6.365701114727381e-20,1.0425716884601004e-41,115.24863586544757,954.7912855126904
12.067055010634501,-2.683785061979107e-20,-2.320264615639354e-41,115.24863586544757,954.7912855126904
13.187773758352863,1.5153060890085534e-19,-9.677199069602007e-42,115.24863586544757,954.7912855126904
14.18701712038882,-4.756567865679939e-20,2.162276633337442e-41,115.24863586544757,954.7912855126904
14.804516850371963,9.599847429099433e-20,-6.780529223063081e-42,115.24863586544757,954.7912855126904
15.937578594914596,4.776213529872952e-20,9.110190526692559e-42,115.24863586544757,954.7912855126904
17.410525890816835,1.0867210387646501e-19,-4.741617115726049e-42,115.24863586544757,954.7912855126904
18.206193986357096,1.0296232056734687e-19,-9.46692551944522e-42,115.24863586544757,954.7912855126904
19.309521769895504,7.230353882309239e-20,2.491692052243041e-42,115.24863586544757,954.7912855126904
19.970618693887833,3.6077273000711875e-20,-2.4599852539375415e-42,115.24863586544757,954.7912855126904
21.091512096219937,9.959128791534435e-20,-3.3086096857844246e-42,115.24863586544757,954.7912855126904
22.038371527609627,2.2871020049258323e-19,2.7469004398652622e-42,115.24863586544757,954.7912855126904
23.21938193289198,-8.916508767767536e-21,4.382412147955366e-42,115.24863586544757,954.7912855126904
24.35449516987314,1.190661041220782e-19,1.339741795956097e-41,115.24863586544757,954.7912855126904
24.846487766082284,1.270451933341325e-19,-2.5776168705261054e-41,115.24863586544757,954.7912855126904
25.74041589188973,9.629279205580279e-20,-2.222676874669396e-41,115.24863586544757,954.7912855126904
26.969674281941575,9.423194890711562e-20,-4.7350181230320435e-42,115.24863586544757,954.7912855126904
28.110587543089036,-1.774264188274885e-20,-2.117373715769563e-41,115.24863586544757,954.7912855126904
29.184310368825976,1.6210615911751073e-19,6.660246037514556e-43,115.24863586544757,954.7912855126904
30.121588269290687,-3.456983511249784e-20,-8.222665524794482e-42,115.24863586544757,954.7912855126904
31.03944477129375,1.466820769847349e-19,-1.0645810294127402e-41,115.24863586544757,954.7912855126904
32.234726183461774,1.0446463884010716e-19,1.1130791241587888e-41,115.24863586544757,954.7912855126904
32.93000822592937,8.373863300625746e-20,-3.846391553537785e-43,115.24863586544757,954.7912855126904
34.15072189594455,4.450554283882097e-20,-1.5557447695263508e-41,115.24863586544757,954.7912855126904
35.17791913037439,-2.550299562785927e-20,8.165758003432336e-42,115.24863586544757,954.7912855126904
35.8357979388024,2.1266391701506444e-19,7.803807043236852e-42,115.24863586544757,954.7912855126904
36.92159124695249,1.3634261781852907e-19,6.303561244013262e-42,115.24863586544757,954.7912855126904
38.10836534603587,1.53586292807628e-19,1.1606790626124405e-42,115.24863586544757,954.7912855126904
38.82528293488867,7.470771088864282e-20,1.7275490746070026e-41,115.24863586544757,954.7912855126904
39.80089945086309,2.2175102599611244e-19,7.99461661081891e-42,115.24863586544757,954.7912855126904
41.620764029755186,1.0139166538895982e-19,-1.3171361726821872e-41,115.24863586544757,954.7912855126904
41.76027647129667,1.319611910915146e-19,1.666899207947849e-42,115.24863586544757,954.7912855126904
43.01440203724534,1.7605371709267727e-19,-1.2241856301852973e-42,115.24863586544757,954.7912855126904
43.847443536469214,1.4383503431523373e-19,6.568948428075235e-42,115.24863586544757,954.7912855126904
44.73242142800199,5.842254322822774e-20,-4.713396260886302e-42,115.24863586544757,954.7912855126904
46.090543597992884,1.3668359167086308e-19,-4.398633781522789e-42,115.24863586544757,954.7912855126904
46.94278232760252,1.152785423923292e-19,-1.1328259894922331e-41,115.24863586544757,954.7912855126904
48.1207796966705,1.0532616432151595e-19,8.584085171338838e-43,115.24863586544757,954.7912855126904
48.98274286326269,2.157246372982179e-19,1.0870166992949624e-43,115.24863586544757,954.7912855126904
49.79101131273261,6.381928847479877e-20,-1.2947241448841764e-43,115.24863586544757,954.7912855126904
50.57152467089232,2.7969742730527506e-19,-3.468369832469307e-42,115.24863586544757,954.7912855126904
52.00652654686521,3.959261905244909e-20,-6.344535570266793e-42,115.24863586544757,954.7912855126904
52.831526646360764,9.494443684040373e-20,8.038717188549082e-42,115.24863586544757,954.7912855126904
54.12382617920321,-1.667613951549961e-20,1.3706067521645377e-41,115.24863586544757,954.7912855126904
55.633635488124746,1.9363773372929922e-19,7.245826286064873e-42,115.24863586544757,954.7912855126904
55.732400526009435,5.58184518315315e-20,-4.153724955650039e-42,115.24863586544757,954.7912855126904
56.94477017457394,2.5963628728925014e-19,-1.0553255524895617e-41,115.24863586544757,954.7912855126904
57.70737075421027,1.6173308311495716e-19,1.1722501958440387e-41,115.24863586544757,954.7912855126904
58.70531876764667,2.1375377081262109e-19,-6.193169021314323e-42,115.24863586544757,954.7912855126904
60.069159268652776,2.137391247890317e-19,5.019483098455737e-42,115.24863586544757,954.7912855126904
60.902542497259546,2.365232576358523e-19,-6.500472778381117e-43,115.24863586544757,954.7912855126904
61.60400746489604,1.4206404432936834e-19,2.6937602500533146e-42,115.24863586544757,954.7912855126904
63.201475103216815,1.7292055879121722e-19,-8.080059321339727e-42,115.24863586544757,954.7912855126904
63.64231947760525,2.431830722048434e-19,4.347879945694583e-42,115.24863586544757,954.7912855126904
65.02348542615022,1.553082429959821e-19,-4.977367868543637e-42,115.24863586544757,954.7912855126904
66.2157751395759,3.1704772961269024e-19,3.586904676106598e-42,115.24863586544757,954.7912855126904
66.97175219053814,9.065973610582e-20,-1.5374577845602355e-42,115.24863586544757,954.7912855126904
67.88934124656835,2.3290144427112383e-19,-8.822347097216947e-42,115.24863586544757,954.7912855126904
69.00620697799415,1.5708524293984348e-19,-5.381735802155217e-42,115.24863586544757,954.7912855126904
70.1922905966365,4.032418855759369e-20,8.632128838584128e-42,115.24863586544757,954.7912855126904
71.10438719534318,1.670731131141914e-19,3.60795873692211e-42,115.24863586544757,954.7912855126904
71.80684414646913,2.0540133628252004e-19,-1.7719941719077666e-42,115.24863586544757,954.7912855126904
73.02210790778665,1.4284224279122414e-19,-3.405562324928498e-42,115.24863586544757,954.7912855126904
74.10987497361374,8.914677836949836e-20,1.251610335465331e-41,115.24863586544757,954.7912855126904
75.1709452548779,2.1282987025387539e-19,1.230615529920378e-41,115.24863586544757,954.7912855126904
76.04446617559324,2.1278774202200252e-19,9.615379513441981e-42,115.24863586544757,954.7912855126904
77.55463286692225,1.693559929376099e-19,-1.8202469264576995e-41,115.24863586544757,954.7912855126904
78.04431676363771,2.5103596570570384e-19,1.2835984385152425e-41,115.24863586544757,954.7912855126904
78.86283947075405,1.4871537409155508e-19,1.01920594227549e-41,115.24863586544757,954.7912855126904
80.01424509995849,2.9459624506966827e-19,-1.467496158963932e-41,115.24863586544757,954.7912855126904
81.46084700251522,2.572045016782678e-19,4.362666886105784e-42,115.24863586544757,954.7912855126904
81.98284414027773,3.2022758186706e-19,1.5459920259365394e-42,115.24863586544757,954.7912855126904
82.82862554262248,1.6122314766270706e-19,1.5871064318263403e-41,115.24863586544757,954.7912855126904
83.95069756016692,1.59931597531015e-19,9.318561683890648e-42,115.24863586544757,954.7912855126904
84.72054954477008,2.7961970474337374e-19,1.4674360286232115e-42,115.24863586544757,954.7912855126904
85.83845732172935,1.6720472900572135e-19,3.999924788373606e-42,115.24863586544757,954.7912855126904
86.94696155022146,2.615096403959205e-19,-1.913465783674825e-42,115.24863586544757,954.7912855126904
87.96739390651032,2.193833138030678e-19,-2.920049143206806e-42,115.24863586544757,954.7912855126904
89.00775853342483,2.604384612112276e-19,9.86700719057619e-42,115.24863586544757,954.7912855126904
90.18975980174766,2.583728614284366e-19,-7.256158094890523e-42,115.24863586544757,954.7912855126904
91.00374551248241,3.2303377677135893e-19,-1.0680836730129117e-42,115.24863586544757,954.7912855126904
93.3758919384059,3.359467126718899e-19,1.670752859007534e-41,115.24863586544757,954.7912855126904
93.79497047339713,2.7246015894395233e-19,-7.818442337086118e-42,115.24863586544757,954.7912855126904
95.17398745802353,1.6925631512725597e-19,6.26111409613141e-42,115.24863586544757,954.7912855126904
96.10576945215536,1.7052913233518838e-19,7.949474210567853e-42,115.24863586544757,954.7912855126904
97.02576595834236,2.43755237609856e-19,3.5799954991540924e-42,115.24863586544757,954.7912855126904
97.66108052569425,2.7169986301434393e-19,7.964515643223509e-42,115.24863586544757,954.7912855126904
99.09738526541007,1.999204259096451e-19,1.3656306255706223e-41,115.24863586544757,954.7912855126904
100.0579771504851,2.0632112772491104e-19,7.790791453442038e-42,115.24863586544757,954.7912855126904
101.14370065433629,1.8815375586379198e-19,5.2327313810276174e-42,115.24863586544757,954.7912855126904
101.9451441732605,3.1587351470629636e-19,-9.307219232419115e-43,115.24863586544757,954.7912855126904
102.96217454205738,4.117688676247846e-19,7.907828938818396e-42,115.24863586544757,954.7912855126904
103.81016314595281,2.0277769431226444e-19,6.15575654302049e-42,115.24863586544757,954.7912855126904
105.86600211489854,2.1625801784703538e-19,-1.276652091319296e-41,115.24863586544757,954.7912855126904
107.06530633929805,1.4071923957052683e-19,1.543052358513693e-41,115.24863586544757,954.7912855126904
108.23821732238319,3.348921046158867e-19,-2.905069471026571e-41,115.24863586544757,954.7912855126904
108.4914793249869,3.6761624653023646e-19,1.045792200705895e-41,115.24863586544757,954.7912855126904
110.20652878607902,1.972061649202125e-19,4.41394504763835e-42,115.24863586544757,954.7912855126904
110.94368560547031,2.8502221070788654e-19,3.9830663576531524e-41,115.24863586544757,954.7912855126904
112.24329340380216,3.3930736164775414e-19,-8.526932462432882e-42,115.24863586544757,954.7912855126904
112.95289617264591,2.6168849553442997e-19,1.6307371403416529e-41,115.24863586544757,954.7912855126904
114.17940082821436,2.6784403098960157e-19,-1.4470831689753833e-42,115.24863586544757,954.7912855126904
115.08843219424638,3.046317661168552e-19,-9.213610209472578e-43,115.24863586544757,954.7912855126904
116.05326171537537,4.0112875401379073e-19,1.7317934935933366e-41,115.24863586544757,954.7912855126904
116.78015090946413,3.936718838072263e-19,-1.0381177018442324e-41,115.24863586544757,954.7912855126904
118.25393880443222,3.260835547146448e-19,-7.401663234230806e-42,115.24863586544757,954.7912855126904
119.24319478473413,3.8213090135585427e-19,1.1593657149379049e-41,115.24863586544757,954.7912855126904
120.0048999588969,3.7527462975477403e-19,7.579369272725998e-42,115.24863586544757,954.7912855126904
121.29937770615982,3.8027106579571134e-19,1.0745577627578656e-41,115.24863586544757,954.7912855126904
122.10317721491128,3.147707853014692e-19,-3.9431629993731607e-42,115.24863586544757,954.7912855126904
123.14780150794653,4.0901188612645414e-19,5.390286231790352e-42,115.24863586544757,954.7912855126904
124.0341927615117,4.401707624405701e-19,1.4160452373371669e-41,115.24863586544757,954.7912855126904
125.13482335664611,2.5900168932823327e-19,2.7967577320378825e-42,115.24863586544757,954.7912855126904
126.12648957899468,4.2796495130619716e-19,1.6064871794741057e-41,115.24863586544757,954.7912855126904
126.93209458255748,2.6863938071249416e-19,1.256975470123048e-41,115.24863586544757,954.7912855126904
128.09579160477236,3.5586777752522746e-19,6.037003679170366e-43,115.24863586544757,954.7912855126904
128.88299407590654,3.712659484352333e-19,1.1716299821230155e-41,115.24863586544757,954.7912855126904
130.1359619540428,3.5233494701210914e-19,6.898283015439714e-42,115.24863586544757,954.7912855126904
131.85027146098173,1.6368469399686388e-19,1.477980498432976e-41,115.24863586544757,954.7912855126904
132.89409580669115,3.5252305007984747e-19,2.2945054044570223e-41,115.24863586544757,954.7912855126904
134.11451592716455,3.3773124008108475e-19,2.433031192621247e-41,115.24863586544757,954.7912855126904
134.82884693611925,3.332711102787676e-19,1.3015911983172595e-41,115.24863586544757,954.7912855126904
136.51586025518517,5.569311829283089e-19,1.1435162964270997e-41,115.24863586544757,954.7912855126904
137.46442598595308,3.0816030511949604e-19,-9.544861438115625e-42,115.24863586544757,954.7912855126904
137.89122165209358,4.365939017370489e-19,1.2411280592497648e-41,115.24863586544757,954.7912855126904
139.11087484871408,3.797603215191635e-19,2.368060384795736e-41,115.24863586544757,954.7912855126904
140.10655689523495,3.1465576937972966e-19,1.601529489802097e-41,115.24863586544757,954.7912855126904
140.73769731265665,3.2093361078333006e-19,-7.684382804376505e-42,115.24863586544757,954.7912855126904
142.01187349658125,5.008390265692927e-19,5.4858665893080946e-42,115.24863586544757,954.7912855126904
142.83586872231322,3.3167325292462794e-19,-2.2508626602305968e-42,115.24863586544757,954.7912855126904
143.96324186736996,4.347486288655501e-19,5.356847644279931e-42,115.24863586544757,954.7912855126904
144.92284097469826,3.5311760901836305e-19,2.5623114850421795e-41,115.24863586544757,954.7912855126904
146.0330941594069,3.9741358940525454e-19,1.50685161153876e-41,115.24863586544757,954.7912855126904
147.14379086927636,3.695741414694731e-19,2.810238938095431e-42,115.24863586544757,954.7912855126904
147.88065441875847,4.175196140976196e-19,1.0969946216947506e-41,115.24863586544757,954.7912855126904
149.20793773965408,3.220585020455814e-19,2.6325529013566224e-41,115.24863586544757,954.7912855126904
149.94934386080195,4.493628329083272e-19,6.632634387127908e-42,115.24863586544757,954.7912855126904
151.06704338344016,3.6325737255830586e-19,1.878474530735713e-42,115.24863586544757,954.7912855126904
152.04121624208477,4.726720216243852e-19,7.904740680738776e-42,115.24863586544757,954.7912855126904
153.61695264568985,5.295593716075908e-19,8.335282434104072e-42,115.24863586544757,954.7912855126904
154.0207988974716,4.3245942449945405e-19,2.4359810506909087e-41,115.24863586544757,954.7912855126904
155.11613776436533,3.3158815735880085e-19,7.678462318835928e-42,115.24863586544757,954.7912855126904
155.6804608056722,4.614297310760369e-19,8.091026636513773e-42,115.24863586544757,954.7912855126904
156.96941297603456,4.0561737121262744e-19,1.1439614142315177e-41,115.24863586544757,954.7912855126904
157.7461713007144,4.3278843060289597e-19,7.9280839326254e-42,115.24863586544757,954.7912855126904
158.977607122412,4.50232316827619e-19,2.5434610634482464e-41,115.24863586544757,954.7912855126904
159.83998003983396,5.378923556341147e-19,1.3075032329989276e-41,115.24863586544757,954.7912855126904
161.09545939406448,4.1993841637949143e-19,4.8026417792548705e-42,115.24863586544757,954.7912855126904
161.54777948083702,3.681561754595307e-19,-1.0117718865555763e-42,115.24863586544757,954.7912855126904
163.06909297922869,4.461021682163635e-19,1.7486853638115836e-41,115.24863586544757,954.7912855126904
164.15861164117817,4.836313162132748e-19,1.345652305060463e-41,115.24863586544757,954.7912855126904
164.75261088411398,5.059166621212762e-19,1.1749103331196476e-41,115.24863586544757,954.7912855126904
165.7834975828505,3.140502474044358e-19,-3.955531417823081e-42,115.24863586544757,954.7912855126904
167.234285566459,4.153363988234228e-19,6.122629470923532e-42,115.24863586544757,954.7912855126904
167.9331041247108,3.2718186695557134e-19,2.0151596984533493e-41,115.24863586544757,954.7912855126904
169.0777519717889,4.1957469938998365e-19,1.153660350232814e-41,115.24863586544757,954.7912855126904
170.29990326249361,5.010899835739395e-19,2.0672078557720277e-41,115.24863586544757,954.7912855126904
171.26086193346904,4.974117374285172e-19,7.982937591995465e-42,115.24863586544757,954.7912855126904
171.87500076463286,5.800680591891105e-19,1.9198872815699087e-41,115.24863586544757,954.7912855126904
173.34682664900325,5.311479839189172e-19,5.6485305167947025e-42,115.24863586544757,954.7912855126904
174.28379318974856,4.697025325295696e-19,1.3689240021744204e-41,115.24863586544757,954.7912855126904
174.95481153435978,4.638676349770024e-19,9.591286937594578e-42,115.24863586544757,954.7912855126904
176.10091654690814,4.2647326721426466e-19,7.485317604437133e-43,115.24863586544757,954.7912855126904
177.09601237548472,4.228067412299258e-19,-5.622347623851782e-44,115.24863586544757,954.7912855126904
178.2679885160461,4.777595254938989e-19,-8.14851045646351e-42,115.24863586544757,954.7912855126904
179.17069783366668,3.010019053896098e-19,-3.405700162847217e-42,115.24863586544757,954.7912855126904
180.14622383875582,3.6374898840570673e-19,7.982803552052911e-42,115.24863586544757,954.7912855126904
181.0757553784309,4.669075711630197e-19,1.257785652379067e-41,115.24863586544757,954.7912855126904
182.05164668487575,5.060726261438318e-19,8.197840694314381e-42,115.24863586544757,954.7912855126904
182.9759431353554,4.044304149859534e-19,3.892377612118773e-42,115.24863586544757,954.7912855126904
184.31352924732914,6.251930646950469e-19,2.7057436450114347e-42,115.24863586544757,954.7912855126904
185.11135792452396,4.866350882789459e-19,1.591940303628967e-41,115.24863586544757,954.7912855126904
185.7956841996938,6.125308483918581e-19,1.987278670834753e-41,115.24863586544757,954.7912855126904
186.9438849051135,3.914551219254846e-19,8.754333830020231e-42,115.24863586544757,954.7912855126904
187.9031001087997,4.614365582969321e-19,2.029663393843638e-41,115.24863586544757,954.7912855126904
188.77902462325258,6.017480518605844e-19,1.3352959225627446e-41,115.24863586544757,954.7912855126904
189.61037065915394,6.140953109788365e-19,9.209443986402016e-42,115.24863586544757,954.7912855126904
190.83788750943145,4.893777046637227e-19,8.040103204765101e-42,115.24863586544757,954.7912855126904
192.33636041088272,5.090481747712765e-19,2.1193544482072667e-41,115.24863586544757,954.7912855126904
193.18042817387402,4.781765879951324e-19,-5.848072505230258e-42,115.24863586544757,954.7912855126904
194.35583137040928,4.437731546929645e-19,5.1139763803530534e-42,115.24863586544757,954.7912855126904
194.88629405050636,6.424435021819162e-19,2.5878511738003864e-41,115.24863586544757,954.7912855126904
196.16299733245134,6.615234299563375e-19,3.354957929665307e-41,115.24863586544757,954.7912855126904
196.95252518062972,5.09222552288009e-19,1.6466898527322878e-41,115.24863586544757,954.7912855126904
197.84455062287626,6.060291039557512e-19,2.1313399671972837e-41,115.24863586544757,954.7912855126904
199.07554596574667,3.7429575525288924e-19,-1.2172967787156364e-41,115.24863586544757,954.7912855126904
199.91414286651153,4.38404649567385e-19,1.8239738374213104e-41,115.24863586544757,954.7912855126904
201.08325934877917,5.028071804619929e-19,7.787212892293305e-42,115.24863586544757,954.7912855126904
201.90888115825902,5.247556880502384e-19,1.3600919918711072e-41,115.24863586544757,954.7912855126904
203.17862154109847,4.649807465690816e-19,1.0724004155519875e-41,115.24863586544757,954.7912855126904
204.2926718686481,5.908015605156141e-19,1.671626575634955e-41,115.24863586544757,954.7912855126904
204.814571371404,5.587982896998451e-19,1.380229363556244e-41,115.24863586544757,954.7912855126904
206.25285924532747,4.547122355924275e-19,1.751159037975134e-41,115.24863586544757,954.7912855126904
206.66135750776675,4.1701225640452294e-19,8.643508073231526e-44,115.24863586544757,954.7912855126904
208.21886375666685,6.693365404135192e-19,2.5735659930266143e-41,115.24863586544757,954.7912855126904
208.90696471416032,4.9265092550375645e-19,1.3679780903851283e-41,115.24863586544757,954.7912855126904
209.90622389553405,5.549046202025545e-19,1.4489972325037116e-41,115.24863586544757,954.7912855126904
210.8898639474882,4.338903478214449e-19,3.060204021151918e-41,115.24863586544757,954.7912855126904
212.25820753914596,5.996610637764019e-19,1.7076197731393645e-41,115.24863586544757,954.7912855126904
212.81239724117148,4.89136017532649e-19,2.6668791282167967e-41,115.24863586544757,954.7912855126904
213.9776380819634,5.607164728265192e-19,5.542258666940377e-42,115.24863586544757,954.7912855126904
215.01277179818453,5.891360814342759e-19,2.8636657529826365e-41,115.24863586544757,954.7912855126904
216.0041505199614,6.153135760966203e-19,2.841385987856447e-41,115.24863586544757,954.7912855126904
217.05997761609518,4.8619984190071445e-19,1.3366243951528906e-41,115.24863586544757,954.7912855126904
217.99963083742117,6.775720570134609e-19,-8.913933942065003e-42,115.24863586544757,954.7912855126904
219.02454342339945,4.774170304921831e-19,2.1979868958181283e-41,115.24863586544757,954.7912855126904
219.91759950035973,5.67405693812378e-19,2.355059732664991e-41,115.24863586544757,954.7912855126904
221.19947355988575,6.934471696798496e-19,2.675560521050479e-41,115.24863586544757,954.7912855126904
222.02662213036194,6.574619054773394e-19,3.13123638159908e-41,115.24863586544757,954.7912855126904
223.35924510891104,6.277811020753601e-19,1.4920711640807082e-41,115.24863586544757,954.7912855126904
223.95594615524016,5.410277791740485e-19,1.9314523949365496e-41,115.24863586544757,954.7912855126904
225.06553854797136,5.6306407576324795e-19,2.8521914946047675e-41,115.24863586544757,954.7912855126904
226.02323689773255,7.393150254992938e-19,1.231105536202135e-41,115.24863586544757,954.7912855126904
226.6999005533528,5.93217019905305e-19,2.9082440096515007e-41,115.24863586544757,954.7912855126904
227.95920457149927,5.060109920851628e-19,3.190393666265557e-41,115.24863586544757,954.7912855126904
229.40233788452875,6.189800025236231e-19,2.942663030309045e-41,115.24863586544757,954.7912855126904
229.82161337553802,5.069457311923227e-19,1.3380045323694838e-41,115.24863586544757,954.7912855126904
230.71404828145364,5.225574185669556e-19,2.2741687920950315e-41,115.24863586544757,954.7912855126904
232.2488262096352,5.757742800570227e-19,3.2070498904292353e-41,115.24863586544757,954.7912855126904
233.28174016620488,7.053988149417859e-19,3.0076362914539467e-41,115.24863586544757,954.7912855126904
233.83575766315212,4.500180378339075e-19,1.0863522882023018e-41,115.24863586544757,954.7912855126904
234.85978226322004,5.641062053977679e-19,1.8942305167221463e-41,115.24863586544757,954.7912855126904
235.82788726548873,6.989643048910805e-19,1.7228829464462482e-41,115.24863586544757,954.7912855126904
236.7828429826672,6.996832422259785e-19,2.1006376937407157e-41,115.24863586544757,954.7912855126904
238.33319145476486,6.256023841113835e-19,2.50092493779465e-41,115.24863586544757,954.7912855126904
239.0406288329676,6.575900426614191e-19,2.856326456943484e-41,115.24863586544757,954.7912855126904
240.00762693885812,7.16282278964487e-19,1.348265495919073e-41,115.24863586544757,954.7912855126904
241.00311221965632,7.243233153166755e-19,1.1492627630159106e-41,115.24863586544757,954.7912855126904
241.98419371930854,6.65710026895061e-19,1.991076499913461e-41,115.24863586544757,954.7912855126904
243.07967642781054,6.368532999576423e-19,1.788690159209437e-41,115.24863586544757,954.7912855126904
244.01381217614457,7.171050666781507e-19,2.3652624929519586e-41,115.24863586544757,954.7912855126904
244.85909601032753,5.657380639856476e-19,5.889890699153352e-42,115.24863586544757,954.7912855126904
246.10655997638975,7.721403137609286e-19,1.763519686619916e-41,115.24863586544757,954.7912855126904
246.9768123774957,6.073874066223981e-19,2.4248129228903745e-41,115.24863586544757,954.7912855126904
247.88908908240776,5.758599917474405e-19,2.1072458866857623e-41,115.24863586544757,954.7912855126904
249.20515633543917,6.055044009033554e-19,3.1214806849050403e-41,115.24863586544757,954.7912855126904
249.88975622431403,6.604584512600472e-19,1.945673983863312e-41,115.24863586544757,954.7912855126904
250.81661241585368,7.317091186106896e-19,2.7629490421913787e-41,115.24863586544757,954.7912855126904
252.28387273545613,6.957410614503157e-19,1.8848232390235783e-41,115.24863586544757,954.7912855126904
252.85042277875465,7.129167639888066e-19,3.2581404708931307e-41,115.24863586544757,954.7912855126904
253.82799178373799,6.856587292895535e-19,2.2437041087596315e-41,115.24863586544757,954.7912855126904
254.86881060157458,6.920597902375051e-19,1.769898486822187e-41,115.24863586544757,954.7912855126904
256.1545081662881,6.484670565174413e-19,2.1163437519312199e-41,115.24863586544757,954.7912855126904
257.0750467601827,7.469444600976206e-19,3.0347076492311373e-41,115.24863586544757,954.7912855126904
258.12603147838206,5.918023685705676e-19,3.085223042805256e-41,115.24863586544757,954.7912855126904
259.1048586636642,6.352112046146419e-19,1.1633030294452207e-41,115.24863586544757,954.7912855126904
260.1152043148981,8.241360811066695e-19,3.6215575937025607e-41,115.24863586544757,954.7912855126904
260.76837890436354,7.134496328903571e-19,1.386061157465691e-41,115.24863586544757,954.7912855126904
261.82790713331326,6.837430550959936e-19,2.656043855964386e-41,115.24863586544757,954.7912855126904
262.9549913465276,8.143682775031061e-19,3.448317658992163e-41,115.24863586544757,954.7912855126904
263.85752163726164,7.331500810604378e-19,1.258019213702676e-41,115.24863586544757,954.7912855126904
265.1398936133915,6.1780096785174835e-19,2.8861757857557796e-41,115.24863586544757,954.7912855126904
266.2198682693103,7.720001720782107e-19,1.5969727119183497e-41,115.24863586544757,954.7912855126904
266.8025669459043,7.933968881081139e-19,3.2297012397022545e-42,115.24863586544757,954.7912855126904
268.18806191081484,6.408661155158966e-19,1.6839207238464896e-41,115.24863586544757,954.7912855126904
269.0985975237258,5.976604841335734e-19,1.755477816468811e-41,115.24863586544757,954.7912855126904
269.6392647448866,7.950691106429675e-19,1.8118139737693213e-41,115.24863586544757,954.7912855126904
270.9303759339596,6.389558027863718e-19,8.327938971568277e-42,115.24863586544757,954.7912855126904
271.93439752377765,6.3952976400778775e-19,2.0042149289740184e-41,115.24863586544757,954.7912855126904
272.76672014544476,7.05355684891508e-19,2.776597419528699e-41,115.24863586544757,954.7912855126904
274.31053084519897,8.122274853146023e-19,3.43338543711994e-41,115.24863586544757,954.7912855126904
275.10575849532785,7.346163959966656e-19,3.7002196003885643e-41,115.24863586544757,954.7912855126904
276.0359158148796,8.239403260434874e-19,3.4835549507760576e-41,115.24863586544757,954.7912855126904
276.9657562732145,6.853262877418158e-19,2.1337149955249725e-41,115.24863586544757,954.7912855126904
278.0902828287018,6.608387531559612e-19,2.1527823039755983e-41,115.24863586544757,954.7912855126904
278.9854983854733,5.760585654543889e-19,2.3292526501033515e-41,115.24863586544757,954.7912855126904
279.8133346413355,7.197385818151499e-19,3.0987745272758063e-41,115.24863586544757,954.7912855126904
280.70803896184293,6.280874876815796e-19,3.022986634480856e-41,115.24863586544757,954.7912855126904
281.9961324347836,7.747737411019881e-19,4.2464295539290994e-41,115.24863586544757,954.7912855126904
283.1202201418034,7.242494143058526e-19,2.315621232902211e-41,115.24863586544757,954.7912855126904
284.01719118943157,8.141169440707734e-19,1.6606955772436433e-41,115.24863586544757,954.7912855126904
285.1473134173239,7.341381623543218e-19,2.1022735990336618e-41,115.24863586544757,954.7912855126904
285.83323067704566,7.263415195235172e-19,1.5121091893010464e-41,115.24863586544757,954.7912855126904
287.05057846686077,8.134451197442832e-19,4.490996937621454e-41,115.24863586544757,954.7912855126904
287.942207842071,5.758004523191615e-19,3.1364525879379074e-41,115.24863586544757,954.7912855126904
288.9180618837882,6.157573994972619e-19,2.2004421091674035e-41,115.24863586544757,954.7912855126904
290.05869647061974,8.580235682482042e-19,3.365580447116929e-41,115.24863586544757,954.7912855126904
291.0097867384687,7.402457543573691e-19,2.755000710937878e-41,115.24863586544757,954.7912855126904
291.7986099337764,6.669979596567097e-19,3.53945103638273e-41,115.24863586544757,954.7912855126904
292.80821448457795,6.517558311212663e-19,3.302454506265519e-41,115.24863586544757,954.7912855126904
294.03886971462646,9.267333467882667e-19,2.8345940169854755e-41,115.24863586544757,954.7912855126904
295.438667850303,8.691923170266385e-19,2.84376293881601e-41,115.24863586544757,954.7912855126904
295.9629201282723,6.12675318638566e-19,2.0842718804643572e-41,115.24863586544757,954.7912855126904
296.80638989328423,7.38693510927205e-19,2.92472092834072e-41,115.24863586544757,954.7912855126904
298.34805287125573,6.440929213422137e-19,1.8343808142323503e-41,115.24863586544757,954.7912855126904
299.28848807805457,6.82345261871787e-19,1.205813498489899e-41,115.24863586544757,954.7912855126904
300.15617150726996,8.33562397027271e-19,1.7441941180454957e-41,115.24863586544757,954.7912855126904
300.92371929217416,5.972465971076616e-19,1.6175743554554018e-41,115.24863586544757,954.7912855126904
301.8843844571899,7.639973045224115e-19,4.5672226462987046e-41,115.24863586544757,954.7912855126904
303.12488598396646,9.128785954005581e-19,3.173805030468612e-41,115.24863586544757,954.7912855126904
303.7250845048872,7.288903349815153e-19,4.506031388459749e-41,115.24863586544757,954.7912855126904
304.99525058258183,7.955111224152316e-19,2.1419172442561925e-41,115.24863586544757,954.7912855126904
305.4185025266672,7.8067498821498525e-19,3.624213497251562e-41,115.24863586544757,954.7912855126904
307.0915060583444,8.980741670858011e-19,2.0430327427848342e-41,115.24863586544757,954.7912855126904
307.94875731879495,9.303313666282715e-19,3.041960724349423e-41,115.24863586544757,954.7912855126904
308.7703808902297,7.966580068850681e-19,3.3926710119375686e-41,115.24863586544757,954.7912855126904
310.02209536550833,8.086742859775626e-19,5.137083970895231e-41,115.24863586544757,954.7912855126904
310.9775783205093,8.739153297365772e-19,5.26162977907386e-41,115.24863586544757,954.7912855126904
312.27298783601407,8.158251286698971e-19,2.6153038424047306e-41,115.24863586544757,954.7912855126904
313.32093131976865,9.224155400911663e-19,3.179642544753001e-41,115.24863586544757,954.7912855126904
314.0194007080048,8.052516711006225e-19,1.6325067661528468e-41,115.24863586544757,954.7912855126904
314.96838657177227,7.796965906412696e-19,2.7101889356615886e-41,115.24863586544757,954.7912855126904
316.16558596446094,8.702977922930362e-19,3.097585966809702e-41,115.24863586544757,954.7912855126904
317.14261895601584,8.458020389603713e-19,3.7893935693083955e-41,115.24863586544757,954.7912855126904
318.06900445871105,8.52493650345129e-19,3.7457991588769824e-41,115.24863586544757,954.7912855126904
319.2943883647845,7.201189382753444e-19,1.643495949212623e-41,115.24863586544757,954.7912855126904
320.16704970710174,7.644065500177146e-19,3.193242343083122e-41,115.24863586544757,954.7912855126904
320.67607155713864,8.623491237142092e-19,1.377539889485257e-41,115.24863586544757,954.7912855126904
321.8657649827183,8.397003495639053e-19,2.278866415213677e-41,115.24863586544757,954.7912855126904
322.8375409593356,7.70296545823813e-19,2.693009381934141e-41,115.24863586544757,954.7912855126904
323.88349185271454,9.30931687266281e-19,2.4898588377111736e-41,115.24863586544757,954.7912855126904
324.92703615005905,8.88349731721255e-19,4.514634383222407e-41,115.24863586544757,954.7912855126904
326.0365347751779,8.361756804954144e-19,3.1006648102099937e-41,115.24863586544757,954.7912855126904
327.24931991588096,8.989413141119071e-19,2.23440385559925e-41,115.24863586544757,954.7912855126904
327.75666539900226,7.926631984858994e-19,3.7310994263656734e-41,115.24863586544757,954.7912855126904
329.0506513607872,9.34596478294705e-19,2.642023463652526e-41,115.24863586544757,954.7912855126904
329.84617546820465,9.759237094746718e-19,3.799040862627255e-41,115.24863586544757,954.7912855126904
331.15813314064434,9.753426853017697e-19,3.2119367439103543e-41,115.24863586544757,954.7912855126904
332.26299892820214,8.012720114165716e-19,3.342142246383903e-41,115.24863586544757,954.7912855126904
333.0097355525861,8.967976874943337e-19,3.383539411289855e-41,115.24863586544757,954.7912855126904
333.56069885774104,9.338389713391335e-19,4.0969341795658317e-41,115.24863586544757,954.7912855126904
334.9210000258116,7.63389948728111e-19,2.7450191873226235e-41,115.24863586544757,954.7912855126904
335.99187391721915,8.932696877483402e-19,6.595729936262775e-41,115.24863586544757,954.7912855126904
336.723841362769,7.759825958413415e-19,1.6109475172282583e-41,115.24863586544757,954.7912855126904
338.0942226099812,8.348189814033815e-19,2.529671780473078e-41,115.24863586544757,954.7912855126904
338.7874459915247,8.497395780981421e-19,5.950744229752209e-41,115.24863586544757,954.7912855126904
339.9159415592725,8.059934203036261e-19,4.879725020893972e-41,115.24863586544757,954.7912855126904
341.06447948496435,9.543246546019906e-19,2.1927556421311225e-41,115.24863586544757,954.7912855126904
342.2398520091292,8.748673637242271e-19,5.851193240616527e-41,115.24863586544757,954.7912855126904
343.1199469559231,9.107947125464576e-19,2.932785593152161e-41,115.24863586544757,954.7912855126904
344.096652660311,8.552238585451752e-19,3.4493011654225625e-41,115.24863586544757,954.7912855126904
345.52613138538624,9.047661317872858e-19,3.9701495421127857e-41,115.24863586544757,954.7912855126904
345.9938692590068,8.869047795307648e-19,2.1049431403877041e-41,115.24863586544757,954.7912855126904
347.0763643007645,1.0357135469149608e-18,4.861691309638866e-41,115.24863586544757,954.7912855126904
348.2238029897976,8.288035903293178e-19,3.071417503024278e-41,115.24863586544757,954.7912855126904
348.88691178838525,8.386630833584002e-19,3.9780794165872506e-41,115.24863586544757,954.7912855126904
349.9246594002588,8.613384178707447e-19,6.265212022363126e-41,115.24863586544757,954.7912855126904
350.743816870221,9.403282544732533e-19,3.7741812017430557e-41,115.24863586544757,954.7912855126904
351.6552824377698,8.169664966468485e-19,4.790046521927356e-41,115.24863586544757,954.7912855126904
353.1363421355852,1.018756139499379e-18,4.2913834758041616e-41,115.24863586544757,954.7912855126904
353.98146242431864,1.0167521813950132e-18,3.293733901720317e-41,115.24863586544757,954.7912855126904
354.9220917058501,8.873453834323878e-19,4.3915258913164307e-41,115.24863586544757,954.7912855126904
355.91906829887984,1.0861643097657263e-18,4.2110426956188816e-41,115.24863586544757,954.7912855126904
357.136366633565,9.559444076465288e-19,6.07428312469012e-41,115.24863586544757,954.7912855126904
358.1361679281161,8.9524070474544e-19,3.816995707586377e-41,115.24863586544757,954.7912855126904
359.16763159852536,1.0140098341064847e-18,2.672316655641503e-41,115.24863586544757,954.7912855126904
360.28605951740985,8.150632682640411e-19,6.424257768677381e-41,115.24863586544757,954.7912855126904
361.46691366621536,9.437280043127775e-19,5.034404077760175e-41,115.24863586544757,954.7912855126904
362.03298671740816,8.935753065948613e-19,5.389868846825418e-41,115.24863586544757,954.7912855126904
362.89538379887176,1.0076506102836262e-18,4.3917501781286085e-41,115.24863586544757,954.7912855126904
363.877947073936,9.449938669782548e-19,4.721762792202178e-41,115.24863586544757,954.7912855126904
364.8880406836143,8.057810501645516e-19,5.571878042976159e-41,115.24863586544757,954.7912855126904
365.7417789360119,1.0623425990294465e-18,4.662424295722238e-41,115.24863586544757,954.7912855126904
366.87869650630967,1.0139892285832274e-18,3.7439374695870296e-41,115.24863586544757,954.7912855126904
367.63457970544124,1.0172241508885372e-18,5.023720929007951e-41,115.24863586544757,954.7912855126904
368.88315394945084,9.119038631447213e-19,4.0470042087806707e-41,115.24863586544757,954.7912855126904
370.1017829726092,8.222509798817819e-19,4.871433491727915e-41,115.24863586544757,954.7912855126904
371.0185260355775,1.0402064886982671e-18,4.724332274835321e-41,115.24863586544757,954.7912855126904
371.863047824332,1.0822569807054705e-18,4.505468363910154e-41,115.24863586544757,954.7912855126904
373.0093903745426,1.030779235936764e-18,4.454558916876506e-41,115.24863586544757,954.7912855126904
373.8603843398406,1.09522033654479e-18,5.73147397704775e-41,115.24863586544757,954.7912855126904
375.11506849662175,9.235910607141026e-19,6.536631216726076e-41,115.24863586544757,954.7912855126904
375.9681612143096,7.901960087852172e-19,4.77772014321178e-41,115.24863586544757,954.7912855126904
376.81721186850297,9.953728469737604e-19,4.0134568067058557e-41,115.24863586544757,954.7912855126904
378.07336880434406,9.387964505808176e-19,6.368463132781907e-41,115.24863586544757,954.7912855126904
378.6019766321747,1.144757583170007e-18,6.413701663915454e-41,115.24863586544757,954.7912855126904
379.74795193585743,1.0244656040073296e-18,3.936305734107315e-41,115.24863586544757,954.7912855126904
380.95725877355,9.318814470239535e-19,4.654569317058576e-41,115.24863586544757,954.7912855126904
382.32519219586413,1.05827194778147e-18,6.880126897559925e-41,115.24863586544757,954.7912855126904
383.2262400958288,1.097726960447022e-18,2.3358687565596854e-41,115.24863586544757,954.7912855126904
383.98982721886836,9.526448110930514e-19,4.376479375886954e-41,115.24863586544757,954.7912855126904
385.0417079074318,1.0465664558180615e-18,4.822410515165801e-41,115.24863586544757,954.7912855126904
385.872070057597,9.243658779986538e-19,3.3611883898375785e-41,115.24863586544757,954.7912855126904
386.86091923619676,9.626554944829012e-19,5.145655399249348e-41,115.24863586544757,954.7912855126904
388.024701591434,1.014064132430186e-18,3.968610443839253e-41,115.24863586544757,954.7912855126904
389.07054965737933,1.0651490922650395e-18,6.810936059600629e-41,115.24863586544757,954.7912855126904
390.1758849685415,9.48732863245496e-19,6.192647591716301e-41,115.24863586544757,954.7912855126904
391.10858935376297,8.650922925557795e-19,3.7771402253582996e-41,115.24863586544757,954.7912855126904
391.61527178392976,1.0225997125005824e-18,4.922172148914811e-41,115.24863586544757,954.7912855126904
393.1646157789711,1.0006004285579589e-18,6.132192952771975e-41,115.24863586544757,954.7912855126904
394.104601270124,1.0739902291024598e-18,4.4670751062188277e-41,115.24863586544757,954.7912855126904
394.9420010283383,1.0560568842856457e-18,4.3047503554121206e-41,115.24863586544757,954.7912855126904
396.1436325701189,9.457732894941544e-19,3.075837263147144e-41,115.24863586544757,954.7912855126904
396.9741160968908,1.0187045976472052e-18,4.005916730237965e-41,115.24863586544757,954.7912855126904
398.2304769103372,1.042617028853791e-18,7.109318993498984e-41,115.24863586544757,954.7912855126904
398.8844339551919,8.926683287520125e-19,6.227827900374968e-41,115.24863586544757,954.7912855126904
400.12750770507284,1.0077988671505512e-18,5.075327416929578e-41,115.24863586544757,954.7912855126904
400.9588413844379,1.081270107188258e-18,7.33921539672011e-41,115.24863586544757,954.7912855126904
401.96591768712193,1.0369353046947712e-18,5.265360194060608e-41,115.24863586544757,954.7912855126904
402.9364773417217,1.1145160195303086e-18,5.144640362845038e-41,115.24863586544757,954.7912855126904
404.2083317783921,1.1868598695848754e-18,6.280717298974925e-41,115.24863586544757,954.7912855126904
404.4145282735532,1.0960726921807933e-18,5.512646649944472e-41,115.24863586544757,954.7912855126904
406.142130599706,1.0926225244119789e-18,5.643591355664722e-41,115.24863586544757,954.7912855126904
407.189317119367,1.0816066270106411e-18,3.4592111874508104e-41,115.24863586544757,954.7912855126904
408.24254673449076,9.564100871240337e-19,5.175201954344626e-41,115.24863586544757,954.7912855126904
409.28586296271953,1.0724244062020756e-18,3.8271326374969027e-41,115.24863586544757,954.7912855126904
410.0189552995479,9.647199769793848e-19,6.908927819828428e-41,115.24863586544757,954.7912855126904
410.8754631497097,1.0085504029096457e-18,4.4785129657359334e-41,115.24863586544757,954.7912855126904
411.93975809894084,9.941351239359724e-19,5.040691721200301e-41,115.24863586544757,954.7912855126904
412.8966116377239,1.232061476501453e-18,5.17533047152694e-41,115.24863586544757,954.7912855126904
414.2437222898896,1.0736419606980964e-18,5.40080048103364e-41,115.24863586544757,954.7912855126904
415.2576486184804,1.0504904391543032e-18,4.874003088415931e-41,115.24863586544757,954.7912855126904
415.8236823332521,1.0489729182281464e-18,4.712582371706875e-41,115.24863586544757,954.7912855126904
416.9994295227742,1.1197925717812616e-18,6.020246007434465e-41,115.24863586544757,954.7912855126904
418.1096029997144,1.0408129562080997e-18,4.782904342950154e-41,115.24863586544757,954.7912855126904
418.7207264257395,1.016815339704016e-18,7.180333569209825e-41,115.24863586544757,954.7912855126904
420.0820827149278,1.0100897143146445e-18,5.533010478040417e-41,115.24863586544757,954.7912855126904
421.105462186962,1.180041716079273e-18,6.971949913306389e-41,115.24863586544757,954.7912855126904
421.75669805217416,1.1804182319010424e-18,6.720883986931297e-41,115.24863586544757,954.7912855126904
422.99338344423217,1.0130509427221506e-18,6.1247751964111e-41,115.24863586544757,954.7912855126904
424.08016158479455,1.0156216148132945e-18,4.942117422249921e-41,115.24863586544757,954.7912855126904
425.16848984051023,1.0341774924973969e-18,5.917574151112117e-41,115.24863586544757,954.7912855126904
426.40805962273396,1.1327632848798792e-18,6.089582843507131e-41,115.24863586544757,954.7912855126904
426.705347063683,1.0186344998089745e-18,5.672552955884681e-41,115.24863586544757,954.7912855126904
427.61449013152765,1.0290893796282334e-18,5.410997097278465e-41,115.24863586544757,954.7912855126904
429.0528557300222,1.0277941302793002e-18,4.682897305912967e-41,115.24863586544757,954.7912855126904
429.9527639725504,1.0870050610908435e-18,4.918883953606444e-41,115.24863586544757,954.7912855126904
431.03340004266954,1.0999751780238363e-18,5.70814737586999e-41,115.24863586544757,954.7912855126904
432.11637271018213,1.0584669716785545e-18,5.282275902535397e-41,115.24863586544757,954.7912855126904
433.37234354385896,1.1654296611008295e-18,6.253476708358679e-41,115.24863586544757,954.7912855126904
433.8118437777913,1.0318745085127843e-18,5.287228679006526e-41,115.24863586544757,954.7912855126904
434.87811315687094,1.2987228519638112e-18,7.587097330387847e-41,115.24863586544757,954.7912855126904
435.90795206422183,1.2506030517431345e-18,6.637913881023056e-41,115.24863586544757,954.7912855126904
436.9050796552345,1.0331253570643605e-18,5.786593448457165e-41,115.24863586544757,954.7912855126904
438.0779334623637,1.1288854318656075e-18,5.341566701759219e-41,115.24863586544757,954.7912855126904
439.1882082279316,1.0459435439238132e-18,8.055479115602374e-41,115.24863586544757,954.7912855126904
439.98677911291645,1.1693751034829935e-18,6.312360147641739e-41,115.24863586544757,954.7912855126904
440.94575771066246,1.1882431714212874e-18,7.328867275755637e-41,115.24863586544757,954.7912855126904
442.1346627366926,1.269406830345166e-18,6.131943165736736e-41,115.24863586544757,954.7912855126904
442.85591565078767,1.274686567150981e-18,4.970999646824821e-41,115.24863586544757,954.7912855126904
443.93600887908207,1.1290726478787985e-18,7.020797306255293e-41,115.24863586544757,954.7912855126904
444.8456141072286,1.058500909163502e-18,6.444884156884973e-41,115.24863586544757,954.7912855126904
446.0023928994078,1.1117392408771976e-18,5.696481391023738e-41,115.24863586544757,954.7912855126904
446.89679749118375,1.281509591876516e-18,9.038006971652484e-41,115.24863586544757,954.7912855126904
448.05920350392364,1.2131512542526455e-18,5.829623634016046e-41,115.24863586544757,954.7912855126904
449.00467914151426,1.1520820184861402e-18,5.119064522320776e-41,115.24863586544757,954.7912855126904
450.2522465385107,1.0767893190361587e-18,4.815857036609632e-41,115.24863586544757,954.7912855126904
451.30268449668927,1.3002334385005556e-18,6.067419703315459e-41,115.24863586544757,954.7912855126904
451.8649957928107,9.895323415916224e-19,6.178106451886255e-41,115.24863586544757,954.7912855126904
452.92434571326714,1.171422492146386e-18,7.110954663316362e-41,115.24863586544757,954.7912855126904
454.2327415432877,1.0891082994188338e-18,8.638705996037006e-41,115.24863586544757,954.7912855126904
455.1184956889178,1.0466010472881493e-18,7.17563789029761e-41,115.24863586544757,954.7912855126904
455.88443705145454,1.1683056386947454e-18,7.426705944941345e-41,115.24863586544757,954.7912855126904
457.06148850648924,1.2297561631441213e-18,8.603042458196206e-41,115.24863586544757,954.7912855126904
458.08809052967104,1.2711735647248055e-18,5.672956037635736e-41,115.24863586544757,954.7912855126904
458.72500364882575,1.044261607895358e-18,5.196949850409259e-41,115.24863586544757,954.7912855126904
460.21495924002267,1.221589844297503e-18,8.195313879899781e-41,115.24863586544757,954.7912855126904
460.82482624981543,1.2127243741792957e-18,5.685632132062861e-41,115.24863586544757,954.7912855126904
462.35046053293104,1.1224660465982238e-18,7.733732140784257e-41,115.24863586544757,954.7912855126904
463.2798179009197,1.1159323340906741e-18,6.469676372544051e-41,115.24863586544757,954.7912855126904
463.99477965899734,1.1084960501851716e-18,4.700221813377967e-41,115.24863586544757,954.7912855126904
464.71997497075046,1.0976226909653007e-18,6.497599729026524e-41,115.24863586544757,954.7912855126904
466.4076867063173,1.2505346169432072e-18,7.726049632117894e-41,115.24863586544757,954.7912855126904
466.8949789830146,9.642765565800651e-19,8.119111574116373e-41,115.24863586544757,954.7912855126904
467.97951495852135,1.2544869730462724e-18,7.039246800009795e-41,115.24863586544757,954.7912855126904
469.2054840264247,1.1047524111541994e-18,7.111292800863518e-41,115.24863586544757,954.7912855126904
469.7532622494495,1.3393252556663051e-18,7.196546516043842e-41,115.24863586544757,954.7912855126904
470.91444076379815,1.1701914396483315e-18,6.14661494549717e-41,115.24863586544757,954.7912855126904
471.9250890830357,1.3261090602100317e-18,7.221511242151578e-41,115.24863586544757,954.7912855126904
473.18956162735327,1.1733848780089621e-18,7.524790670527749e-41,115.24863586544757,954.7912855126904
474.02907355736806,1.1377382728544232e-18,7.594916697750672e-41,115.24863586544757,954.7912855126904
474.8684704609081,1.2391788004919945e-18,8.706763744722304e-41,115.24863586544757,954.7912855126904
475.9329550853406,1.241441931083996e-18,7.552021604170148e-41,115.24863586544757,954.7912855126904
476.627808044948,1.115520505454026e-18,8.431814708080158e-41,115.24863586544757,954.7912855126904
478.1007420438486,1.341008711937721e-18,7.814414552872792e-41,115.24863586544757,954.7912855126904
479.30557659882743,1.2356901931081285e-18,7.319317833170627e-41,115.24863586544757,954.7912855126904
479.7608744845133,1.2095684462738812e-18,8.688149716200873e-41,115.24863586544757,954.7912855126904
481.2741711906357,1.2099951542893793e-18,8.102351877970839e-41,115.24863586544757,954.7912855126904
482.0208221207617,1.2210660415578978e-18,8.196397470559447e-41,115.24863586544757,954.7912855126904
483.17471438967385,1.2382285930297659e-18,7.14224650121042e-41,115.24863586544757,954.7912855126904
484.35919675788,1.3130129735300742e-18,7.937674805514437e-41,115.24863586544757,954.7912855126904
485.09370680560346,1.2600315943089543e-18,7.341770876741953e-41,115.24863586544757,954.7912855126904
485.9423985992746,1.2363811541759692e-18,8.732897531577061e-41,115.24863586544757,954.7912855126904
486.79252843317647,1.1937981774742417e-18,7.465897868585669e-41,115.24863586544757,954.7912855126904
488.2618708050519,1.1451602466110682e-18,7.479392307842556e-41,115.24863586544757,954.7912855126904
488.7230540569021,1.4293665213455518e-18,8.499777027611948e-41,115.24863586544757,954.7912855126904
490.08404709893057,1.4638092199214137e-18,7.909280227064447e-41,115.24863586544757,954.7912855126904
491.2640986099855,1.2037430506047324e-18,9.340919385797881e-41,115.24863586544757,954.7912855126904
491.9571794364683,1.2752827230900937e-18,8.342570482184761e-41,115.24863586544757,954.7912855126904
492.7713341271461,1.268611445066525e-18,7.605257277748855e-41,115.24863586544757,954.7912855126904
494.337997453401,1.1652479218263507e-18,6.7158036332755e-41,115.24863586544757,954.7912855126904
494.91859880307163,1.2462034300082364e-18,8.663925107421308e-41,115.24863586544757,954.7912855126904
496.02206999940466,1.1728982875941475e-18,8.528264424603899e-41,115.24863586544757,954.7912855126904
496.9726959769524,1.2639486439394246e-18,8.524410605950165e-41,115.24863586544757,954.7912855126904
497.7398182578283,1.4456607623454388e-18,7.689080109499859e-41,115.24863586544757,954.7912855126904
498.8044618120336,1.3762125032134533e-18,7.294862789073683e-41,115.24863586544757,954.7912855126904
499.8980674471305,1.405937685258399e-18,7.99051926100328e-41,115.24863586544757,954.7912855126904
500.89359649169126,1.2633768673617848e-18,9.50570488877461e-41,115.24863586544757,954.7912855126904
502.06773446989666,1.4337312220469616e-18,8.966095174462247e-41,115.24863586544757,954.7912855126904
503.15678425898057,1.301689381573754e-18,8.968610928764274e-41,115.24863586544757,954.7912855126904
504.1305383824825,1.072361842524155e-18,9.655325156852762e-41,115.24863586544757,954.7912855126904
504.9710142504591,1.3320807095547067e-18,9.366916739002647e-41,115.24863586544757,954.7912855126904
506.2025277937992,1.355608449805174e-18,7.909825617176322e-41,115.24863586544757,954.7912855126904
507.24733950806234,1.2706687652370301e-18,6.317202727089525e-41,115.24863586544757,954.7912855126904
507.97108016361466,1.2643182630025282e-18,7.603399667430671e-41,115.24863586544757,954.7912855126904
508.92925683039925,1.4157086741802377e-18,7.809915472202164e-41,115.24863586544757,954.7912855126904
509.80704210697957,1.4893383382039093e-18,9.053159958178031e-41,115.24863586544757,954.7912855126904
510.57582917749147,1.3571266413398173e-18,8.889788334812545e-41,115.24863586544757,954.7912855126904
511.78059157063143,1.3528318718207818e-18,7.329487300551556e-41,115.24863586544757,954.7912855126904
512.9337029610215,1.4029891410693989e-18,7.58065570549391e-41,115.24863586544757,954.7912855126904
513.9872784078478,1.2839078091255584e-18,6.237868969833412e-41,115.24863586544757,954.7912855126904
514.625970031648,1.5055430297374201e-18,8.092433773191121e-41,115.24863586544757,954.7912855126904
517.1912517185093,1.316760306190755e-18,9.754213312354537e-41,115.24863586544757,954.7912855126904
517.5340518183855,1.3977174258008528e-18,7.721074211403605e-41,115.24863586544757,954.7912855126904
519.1222354792881,1.3699041618110729e-18,8.295247174244137e-41,115.24863586544757,954.7912855126904
520.237479472079,1.2821655395006262e-18,7.724372896342747e-41,115.24863586544757,954.7912855126904
520.4547970563249,1.4188595975088446e-18,7.470360083987944e-41,115.24863586544757,954.7912855126904
522.0945433241484,1.3717543130505823e-18,1.0236436943444931e-40,115.24863586544757,954.7912855126904
523.1051698470644,1.4198207019283503e-18,7.834715527060366e-41,115.24863586544757,954.7912855126904
524.0686482572293,1.3724804502150265e-18,9.570591460216401e-41,115.24863586544757,954.7912855126904
524.9191142897927,1.3149558177846777e-18,9.758257465988973e-41,115.24863586544757,954.7912855126904
525.9831110198213,1.4530981973260984e-18,9.7579184547492e-41,115.24863586544757,954.7912855126904
527.2789038586869,1.372455579129864e-18,9.775763369864071e-41,115.24863586544757,954.7912855126904
528.3515457752663,1.3293904188062271e-18,9.314756692160793e-41,115.24863586544757,954.7912855126904
528.9993790248969,1.3452478570820764e-18,9.716043049601876e-41,115.24863586544757,954.7912855126904
530.1494518451996,1.2990993676927718e-18,8.514525819041877e-41,115.24863586544757,954.7912855126904
530.5977098878739,1.3415227067110548e-18,7.732352603557254e-41,115.24863586544757,954.7912855126904
532.2503464936482,1.2942423973286025e-18,7.899927944347861e-41,115.24863586544757,954.7912855126904
532.9958174500138,1.3174432569550483e-18,1.05259865016313e-40,115.24863586544757,954.7912855126904
534.1439025392981,1.419508422657034e-18,9.016173216377214e-41,115.24863586544757,954.7912855126904
534.9616539133301,1.464104825058287e-18,1.0579186375563471e-40,115.24863586544757,954.7912855126904
536.0423665690167,1.488514796824161e-18,9.549926987872035e-41,115.24863586544757,954.7912855126904
536.695183406474,1.3959091515828366e-18,1.0382149264508373e-40,115.24863586544757,954.7912855126904
538.0366482089532,1.5032663042179157e-18,7.784398337323708e-41,115.24863586544757,954.7912855126904
538.9322566733811,1.5096647810909292e-18,8.695798787012909e-41,115.24863586544757,954.7912855126904
539.8905197958073,1.4451217783872638e-18,9.638017288995345e-41,115.24863586544757,954.7912855126904
541.4231125889949,1.5300423475099058e-18,1.1492678311403417e-40,115.24863586544757,954.7912855126904
541.9211295127541,1.4865559335781692e-18,9.621787979432909e-41,115.24863586544757,954.7912855126904
542.8100537662259,1.4405237988618514e-18,9.01411031593574e-41,115.24863586544757,954.7912855126904
544.023980572951,1.3585186744898172e-18,9.892731376966603e-41,115.24863586544757,954.7912855126904
545.0332671211014,1.4484300521531122e-18,1.0142056080746333e-40,115.24863586544757,954.7912855126904
546.0944080617226,1.412590612868762e-18,1.060976587910126e-40,115.24863586544757,954.7912855126904
546.8000259417894,1.3833350161188379e-18,9.631062776848767e-41,115.24863586544757,954.7912855126904
548.0319057694467,1.390271420995688e-18,9.421655570838205e-41,115.24863586544757,954.7912855126904
549.1966098505894,1.4077920762770565e-18,9.051804032642401e-41,115.24863586544757,954.7912855126904
549.9886321282,1.2397218198400415e-18,1.0871232159916157e-40,115.24863586544757,954.7912855126904
550.7379398926812,1.397334828710153e-18,9.773115051690207e-41,115.24863586544757,954.7912855126904
551.9453570501636,1.3003664771976753e-18,1.179065413107355e-40,115.24863586544757,954.7912855126904
553.0960097001073,1.4302543703739632e-18,1.0874746843519356e-40,115.24863586544757,954.7912855126904
553.5397012020977,1.3859678131753994e-18,1.0021106021511455e-40,115.24863586544757,954.7912855126904
555.0627045709284,1.3932876894537693e-18,1.0888998454825813e-40,115.24863586544757,954.7912855126904
556.4583171289689,1.4734135708846023e-18,9.988207273079273e-41,115.24863586544757,954.7912855126904
557.0154292904782,1.401826418679884e-18,1.0062771454944011e-40,115.24863586544757,954.7912855126904
557.9830124537057,1.4135379177641886e-18,1.0467063721455236e-40,115.24863586544757,954.7912855126904
559.0807195738785,1.3973235516110696e-18,1.0448880131483853e-40,115.24863586544757,954.7912855126904
560.0498094292097,1.3357248913194012e-18,1.2023220922331334e-40,115.24863586544757,954.7912855126904
561.1258081370045,1.482169826659292e-18,1.0474601542278605e-40,115.24863586544757,954.7912855126904
561.8831201965751,1.4795825286950185e-18,9.83250562688522e-41,115.24863586544757,954.7912855126904
562.9409730702428,1.3920849192026508e-18,9.821621466829425e-41,115.24863586544757,954.7912855126904
564.4016752351778,1.4366807461289761e-18,1.125876810438519e-40,115.24863586544757,954.7912855126904
564.9729044499611,1.4129839505418173e-18,1.0298551889530423e-40,115.24863586544757,954.7912855126904
566.1308099412529,1.3378519435658582e-18,8.686056244104233e-41,115.24863586544757,954.7912855126904
566.2972440070587,1.4970743090525144e-18,9.38616907077213e-41,115.24863586544757,954.7912855126904
567.5553982058708,1.4539588789628447e-18,9.663103444180534e-41,115.24863586544757,954.7912855126904
568.8148067598509,1.4281226826557567e-18,1.1393673957722077e-40,115.24863586544757,954.7912855126904
570.2385865256824,1.4343510827650832e-18,9.299888929087005e-41,115.24863586544757,954.7912855126904
571.3068071938434,1.6435451791098252e-18,1.109485258470254e-40,115.24863586544757,954.7912855126904
572.3009079343162,1.3944479743701114e-18,1.022558917588792e-40,115.24863586544757,954.7912855126904
573.0259272983873,1.4211628305545037e-18,1.2062412365733656e-40,115.24863586544757,954.7912855126904
574.186080839456,1.509895361487723e-18,1.214047010776631e-40,115.24863586544757,954.7912855126904
575.0663278610143,1.4839701229046176e-18,1.0160674812922005e-40,115.24863586544757,954.7912855126904
575.7450314561473,1.5090529936591826e-18,1.2091864146137991e-40,115.24863586544757,954.7912855126904
576.9704923586712,1.602845163445464e-18,1.2391586384326327e-40,115.24863586544757,954.7912855126904
577.994128701374,1.3910511273463952e-18,9.934982877271836e-41,115.24863586544757,954.7912855126904
579.1915322186031,1.3559520903654539e-18,1.090800470832778e-40,115.24863586544757,954.7912855126904
579.7735402055961,1.443533501550031e-18,1.0605110756488574e-40,115.24863586544757,954.7912855126904
580.9465621839831,1.4521707632092972e-18,9.861215262765036e-41,115.24863586544757,954.7912855126904
581.7972787219492,1.5273765854230815e-18,1.1918126040737119e-40,115.24863586544757,954.7912855126904
582.9863635765515,1.4283970206964335e-18,9.378312120484182e-41,115.24863586544757,954.7912855126904
584.3456873523679,1.5302603363989008e-18,1.230023967702815e-40,115.24863586544757,954.7912855126904
584.9758933388533,1.6730559954254627e-18,1.1206823959119906e-40,115.24863586544757,954.7912855126904
585.9962105299459,1.4924333326738266e-18,8.850085162344077e-41,115.24863586544757,954.7912855126904
586.9752045318602,1.3107412957643781e-18,1.0742128271538719e-40,115.24863586544757,954.7912855126904
587.8781529880224,1.5945660065318274e-18,1.04706359064567e-40,115.24863586544757,954.7912855126904
589.1294624510589,1.5866259448444183e-18,1.16554614182267e-40,115.24863586544757,954.7912855126904
590.159083449481,1.5906132131225468e-18,1.2899908109413036e-40,115.24863586544757,954.7912855126904
590.595687243351,1.518443521899623e-18,1.2020107771915508e-40,115.24863586544757,954.7912855126904
592.4860703367608,1.6241769693373723e-18,1.1410438352119493e-40,115.24863586544757,954.7912855126904
592.9032617309744,1.4033066292875206e-18,1.2237014429891024e-40,115.24863586544757,954.7912855126904
594.1884568234062,1.5088929611181766e-18,1.1140361429863279e-40,115.24863586544757,954.7912855126904
594.8440987435968,1.4989044387929194e-18,1.1288476148024567e-40,115.24863586544757,954.7912855126904
595.9634554057786,1.5768188719009963e-18,1.122367905888452e-40,115.24863586544757,954.7912855126904
597.0639298714722,1.646498185766223e-18,9.384467864434107e-41,115.24863586544757,954.7912855126904
597.9231899304164,1.5687927894885551e-18,1.2366218225328476e-40,115.24863586544757,954.7912855126904
598.8556113920279,1.5919935954037043e-18,1.1694216638256594e-40,115.24863586544757,954.7912855126904
600.201683760079,1.5448585197814038e-18,1.255600864890426e-40,115.24863586544757,954.7912855126904
601.3219738940008,1.553847251453219e-18,1.266378541995981e-40,115.24863586544757,954.7912855126904
601.9880706921227,1.5720083991457488e-18,1.1668267261338738e-40,115.24863586544757,954.7912855126904
602.7672535059692,1.5612238530412242e-18,1.1611085880128644e-40,115.24863586544757,954.7912855126904
604.173702005875,1.4762683762490902e-18,1.2758599390571945e-40,115.24863586544757,954.7912855126904
605.0581878988378,1.467361227056974e-18,1.2921486140619044e-40,115.24863586544757,954.7912855126904
606.0619502617454,1.5821504879052465e-18,9.720430393707398e-41,115.24863586544757,954.7912855126904
606.914796314488,1.6196984355039845e-18,1.2351271995975886e-40,115.24863586544757,954.7912855126904
608.1054724731191,1.4423170658840236e-18,1.3213190568869667e-40,115.24863586544757,954.7912855126904
609.0234059573386,1.4415679269972826e-18,1.3593712518074604e-40,115.24863586544757,954.7912855126904
610.0697955458404,1.5569055253302468e-18,1.2813398272937394e-40,115.24863586544757,954.7912855126904
611.1424587066826,1.651629372442465e-18,1.180201038683156e-40,115.24863586544757,954.7912855126904
611.935718623555,1.8428730480721556e-18,1.2892635348735926e-40,115.24863586544757,954.7912855126904
612.9357114728184,1.6165220969595757e-18,1.408063179677042e-40,115.24863586544757,954.7912855126904
614.1664535388403,1.6058094076729741e-18,1.1791646343226247e-40,115.24863586544757,954.7912855126904
615.0600683503551,1.4627972577298015e-18,1.1612328649615877e-40,115.24863586544757,954.7912855126904
616.3376845963339,1.638381011188661e-18,1.0215205848947329e-40,115.24863586544757,954.7912855126904
616.6610952790709,1.6242348841390895e-18,1.2951145586308008e-40,115.24863586544757,954.7912855126904
617.9713955418338,1.6950972434571824e-18,1.209922051918037e-40,115.24863586544757,954.7912855126904
619.0083337571156,1.5823232835772441e-18,1.2298617663848802e-40,115.24863586544757,954.7912855126904
619.7212028502879,1.594613258944381e-18,1.3758175989624767e-40,115.24863586544757,954.7912855126904
620.9431514720487,1.6720247664959518e-18,1.267865775211547e-40,115.24863586544757,954.7912855126904
621.7284753939877,1.6621071238710753e-18,1.325086784949778e-40,115.24863586544757,954.7912855126904
623.0881472615092,1.6776472579660477e-18,1.3124818650023353e-40,115.24863586544757,954.7912855126904
624.0199209614426,1.7281493077007628e-18,1.2665975007855548e-40,115.24863586544757,954.7912855126904
624.9673530371834,1.5486699885339174e-18,1.1082716235667562e-40,115.24863586544757,954.7912855126904
626.4408812904085,1.5364935747872597e-18,1.2571346197376276e-40,115.24863586544757,954.7912855126904
626.890511460831,1.7113993280673216e-18,1.1487865639860392e-40,115.24863586544757,954.7912855126904
628.0352638028286,1.6929129586733491e-18,1.4992960699378253e-40,115.24863586544757,954.7912855126904
629.509663779209,1.7124839384380646e-18,1.296824927919766e-40,115.24863586544757,954.7912855126904
629.6863619978315,1.6493789162418253e-18,1.3721915793202628e-40,115.24863586544757,954.7912855126904
631.2000726744074,1.595137061915321e-18,1.43524832419172e-40,115.24863586544757,954.7912855126904
631.7293472606259,1.6495569162948723e-18,1.2634955685592687e-40,115.24863586544757,954.7912855126904
633.3231015014234,1.6857000368563713e-18,1.4561925937117731e-40,115.24863586544757,954.7912855126904
633.904891279113,1.7841693613477573e-18,1.420111066322583e-40,115.24863586544757,954.7912855126904
635.3671358852163,1.5850039616889368e-18,1.373062127209206e-40,115.24863586544757,954.7912855126904
635.910306126865,1.5987001986045013e-18,1.362580027769154e-40,115.24863586544757,954.7912855126904
637.181488521604,1.5863356775855362e-18,1.454098004466094e-40,115.24863586544757,954.7912855126904
638.0052292913119,1.5745378662802813e-18,1.4447611518172831e-40,115.24863586544757,954.7912855126904
639.2578216887302,1.7950001607054063e-18,1.2995734597862007e-40,115.24863586544757,954.7912855126904
640.2722509731051,1.6685725579173588e-18,1.6409367024569797e-40,115.24863586544757,954.7912855126904
641.0340695958696,1.56546511663847e-18,1.4621429168242723e-40,115.24863586544757,954.7912855126904
642.0420242439693,1.6391123493754637e-18,1.3374356617100216e-40,115.24863586544757,954.7912855126904
643.0545467115141,1.7523423901815598e-18,1.483986046492518e-40,115.24863586544757,954.7912855126904
644.1399114403433,1.7840599431300612e-18,1.3925840612307468e-40,115.24863586544757,954.7912855126904
644.8213895678472,1.6058291580110022e-18,1.3774039323451435e-40,115.24863586544757,954.7912855126904
646.1902363091241,1.6826978558488802e-18,1.2457648757479645e-40,115.24863586544757,954.7912855126904
647.266506563,1.6464050937633426e-18,1.5612837347307408e-40,115.24863586544757,954.7912855126904
647.7138037867103,1.7150891702455582e-18,1.4106865088886273e-40,115.24863586544757,954.7912855126904
648.9164612631595,1.6877488606847564e-18,1.2611231872366962e-40,115.24863586544757,954.7912855126904
650.1442616038472,1.796858108065795e-18,1.3151239267145555e-40,115.24863586544757,954.7912855126904
650.8337985480106,1.4967207154123637e-18,1.3096300149830216e-40,115.24863586544757,954.7912855126904
651.6360557729398,1.7275517052898326e-18,1.6486541323466813e-40,115.24863586544757,954.7912855126904
653.2187848620941,1.749260524670412e-18,1.3503070942280867e-40,115.24863586544757,954.7912855126904
653.8074187430797,1.5953284699035255e-18,1.494368142649239e-40,115.24863586544757,954.7912855126904
654.9696943055008,1.743785739565055e-18,1.6087377947148677e-40,115.24863586544757,954.7912855126904
655.8209938960475,1.6865395537500965e-18,1.2931515832030228e-40,115.24863586544757,954.7912855126904
657.2520689934354,1.616153035591336e-18,1.5065119125576574e-40,115.24863586544757,954.7912855126904
658.0610586275777,1.7007518027661696e-18,1.6229317327298757e-40,115.24863586544757,954.7912855126904
658.7229678615067,1.6929095722046898e-18,1.4532797636067468e-40,115.24863586544757,954.7912855126904
659.9198232492632,1.6802748490414445e-18,1.4802560979975133e-40,115.24863586544757,954.7912855126904
661.0421383281769,1.8254262101139857e-18,1.5008800445687808e-40,115.24863586544757,954.7912855126904
662.1219338646587,1.6381512066462442e-18,1.501481717875734e-40,115.24863586544757,954.7912855126904
663.0080375656966,1.6703465487568426e-18,1.511911228460643e-40,115.24863586544757,954.7912855126904
663.5498245822955,1.6624809073602462e-18,1.3485358475211233e-40,115.24863586544757,954.7912855126904
664.6457991234374,1.564689065493829e-18,1.423726276622324e-40,115.24863586544757,954.7912855126904
665.5149765079889,1.6372382467973376e-18,1.4550575169371933e-40,115.24863586544757,954.7912855126904
667.0251666551321,1.6061483281932224e-18,1.5117148556127856e-40,115.24863586544757,954.7912855126904
668.1854723387573,1.668039426521808e-18,1.534692419712536e-40,115.24863586544757,954.7912855126904
668.851785690504,1.7299619061566565e-18,1.536037186647105e-40,115.24863586544757,954.7912855126904
670.2506559753434,1.6466165129538926e-18,1.6139081309059482e-40,115.24863586544757,954.7912855126904
671.0401144753148,1.803441688470168e-18,1.481892018681715e-40,115.24863586544757,954.7912855126904
672.0440117892047,1.774510977674717e-18,1.5659678255192995e-40,115.24863586544757,954.7912855126904
672.7101372304716,1.609366067463377e-18,1.4877580736044917e-40,115.24863586544757,954.7912855126904
673.7031415621486,1.739500131008102e-18,1.6322715369392316e-40,115.24863586544757,954.7912855126904
675.0793179473912,1.779878764218083e-18,1.5336051317694732e-40,115.24863586544757,954.7912855126904
675.7375985029627,1.7087545339994905e-18,1.643044195135751e-40,115.24863586544757,954.7912855126904
677.0552914514927,1.6421391266150495e-18,1.637770512044061e-40,115.24863586544757,954.7912855126904
677.9825859837142,1.758502315588161e-18,1.501988557939263e-40,115.24863586544757,954.7912855126904
678.8496136082298,1.9051545195907496e-18,1.471650736899246e-40,115.24863586544757,954.7912855126904
679.9579222660593,1.7882911339075526e-18,1.5699599114310186e-40,115.24863586544757,954.7912855126904
680.6887941359084,1.7388353230515216e-18,1.503249296012708e-40,115.24863586544757,954.7912855126904
682.1193159886689,1.860499868322483e-18,1.5734812767002707e-40,115.24863586544757,954.7912855126904
682.8420694800328,1.774660793083263e-18,1.6452269722420928e-40,115.24863586544757,954.7912855126904
683.8149814560884,1.740707486974282e-18,1.420766066505607e-40,115.24863586544757,954.7912855126904
685.0983853650403,1.884418736483393e-18,1.6423015471361653e-40,115.24863586544757,954.7912855126904
686.320562929753,1.7166014684555883e-18,1.7107267335979695e-40,115.24863586544757,954.7912855126904
687.181039472166,1.8554803285914116e-18,1.4987587765402352e-40,115.24863586544757,954.7912855126904
687.9390538574826,1.6985063934156979e-18,1.530924528832494e-40,115.24863586544757,954.7912855126904
688.9939206650371,1.856911189070489e-18,1.5652325537672522e-40,115.24863586544757,954.7912855126904
690.1435771616644,1.728748937135664e-18,1.549075836592418e-40,115.24863586544757,954.7912855126904
690.897718590656,1.621610135666899e-18,1.6340144238639671e-40,115.24863586544757,954.7912855126904
693.1270936680642,1.7881336334982634e-18,1.5789626135868981e-40,115.24863586544757,954.7912855126904
693.8308063148281,1.784807862075965e-18,1.5688045411380705e-40,115.24863586544757,954.7912855126904
695.1401162591934,1.7321679636654202e-18,1.5790833689199945e-40,115.24863586544757,954.7912855126904
696.0846836967368,1.7904760310544532e-18,1.423831219091447e-40,115.24863586544757,954.7912855126904
697.1088097617455,1.836484247133788e-18,1.71304285206185e-40,115.24863586544757,954.7912855126904
697.5199283725964,1.8000393101901373e-18,1.531995146785674e-40,115.24863586544757,954.7912855126904
699.1328784943908,1.850918066069659e-18,1.535103278876031e-40,115.24863586544757,954.7912855126904
700.1829941210424,1.824506229622274e-18,1.5821264991829433e-40,115.24863586544757,954.7912855126904
701.0076436990714,1.7013843697504427e-18,1.7972140836007685e-40,115.24863586544757,954.7912855126904
702.2530162295618,1.836081415477526e-18,1.6711373333803692e-40,115.24863586544757,954.7912855126904
703.0818564510769,1.9648518776437845e-18,1.7104192191201307e-40,115.24863586544757,954.7912855126904
704.3981398800976,1.8145446995294828e-18,1.604188686912708e-40,115.24863586544757,954.7912855126904
705.1862816979869,1.6595585241745036e-18,1.777113930617633e-40,115.24863586544757,954.7912855126904
706.1103026956185,1.7392541717162823e-18,1.7273331020948138e-40,115.24863586544757,954.7912855126904
707.290312322028,1.8558049066482197e-18,1.733145053685705e-40,115.24863586544757,954.7912855126904
707.8921663243176,1.9135986812381467e-18,1.7753576149533503e-40,115.24863586544757,954.7912855126904
708.9160392800013,1.8037022191208352e-18,1.628480721138782e-40,115.24863586544757,954.7912855126904
710.1816013236537,1.7243059069136346e-18,1.781788144820118e-40,115.24863586544757,954.7912855126904
710.7864978675535,1.96703143989774e-18,1.6597443701846933e-40,115.24863586544757,954.7912855126904
711.8277890425761,1.984317060449945e-18,1.5734449109878843e-40,115.24863586544757,954.7912855126904
713.0982606169894,1.836921730667829e-18,1.6982828730648493e-40,115.24863586544757,954.7912855126904
714.1151570010063,1.89810202861332e-18,1.7485204010341924e-40,115.24863586544757,954.7912855126904
715.2443856258335,1.8024764958177293e-18,1.7128202744213194e-40,115.24863586544757,954.7912855126904
715.903019818895,1.863060066526813e-18,1.7304603681681365e-40,115.24863586544757,954.7912855126904
717.0408611288253,1.8580950766433596e-18,1.7921721213862228e-40,115.24863586544757,954.7912855126904
717.8480868219782,1.8380831785875572e-18,1.7700699634609735e-40,115.24863586544757,954.7912855126904
719.087789667824,1.8822228357971695e-18,1.4316762535511178e-40,115.24863586544757,954.7912855126904
719.8307483437126,1.8115990434559897e-18,1.8258410131956177e-40,115.24863586544757,954.7912855126904
720.5489164162142,1.9480958400203355e-18,1.8224722745318102e-40,115.24863586544757,954.7912855126904
723.2062760920184,1.8128907416085323e-18,1.7390214299987574e-40,115.24863586544757,954.7912855126904
724.105069750234,1.936767153755029e-18,1.6564960894917597e-40,115.24863586544757,954.7912855126904
724.6146360570017,1.8099653700772023e-18,1.7227385848632228e-40,115.24863586544757,954.7912855126904
726.1384101147302,1.8936875239981573e-18,1.6470243206956064e-40,115.24863586544757,954.7912855126904
727.1883292491468,1.764357077531055e-18,1.7035448701406566e-40,115.24863586544757,954.7912855126904
728.3669364733364,1.896101027869724e-18,1.819595926420027e-40,115.24863586544757,954.7912855126904
728.9621972820926,1.9615381187324096e-18,1.7688197766949237e-40,115.24863586544757,954.7912855126904
729.9453107232714,1.860543003138701e-18,1.8917751628026797e-40,115.24863586544757,954.7912855126904
731.1137661488835,1.8366898977578365e-18,1.7925301522418754e-40,115.24863586544757,954.7912855126904
732.2673767255101,1.854037250655332e-18,1.853654420447466e-40,115.24863586544757,954.7912855126904
733.0939505000144,1.7896143009758093e-18,1.856352918982948e-40,115.24863586544757,954.7912855126904
734.1181800428355,1.7954316768211548e-18,1.841786780898883e-40,115.24863586544757,954.7912855126904
735.003637369014,1.975338229078894e-18,2.0497838631400475e-40,115.24863586544757,954.7912855126904
736.1120758757531,1.8464991111007643e-18,1.743409687314974e-40,115.24863586544757,954.7912855126904
737.0083740155393,1.7422659332813243e-18,1.8594293505935176e-40,115.24863586544757,954.7912855126904
737.8596577355713,1.9018145597001968e-18,1.8160629388494381e-40,115.24863586544757,954.7912855126904
738.9782519499008,2.0960773274554735e-18,1.8378021076817e-40,115.24863586544757,954.7912855126904
740.0235822141482,1.869652210072161e-18,1.9122107414221695e-40,115.24863586544757,954.7912855126904
740.7174192990966,1.8788487186002823e-18,1.8064536875307654e-40,115.24863586544757,954.7912855126904
741.697833288415,1.841043408086819e-18,1.8582337310647017e-40,115.24863586544757,954.7912855126904
743.1142115869648,1.886028167106762e-18,1.7852475484077602e-40,115.24863586544757,954.7912855126904
744.0729424018922,1.8362797441658685e-18,1.9173584802253364e-40,115.24863586544757,954.7912855126904
744.8786895575112,2.0555420243795147e-18,1.8238415754292058e-40,115.24863586544757,954.7912855126904
746.3983029038287,2.026764303538972e-18,1.8243043228949437e-40,115.24863586544757,954.7912855126904
746.9046963434904,1.91644308527781e-18,1.9693172641885805e-40,115.24863586544757,954.7912855126904
748.0974093923403,2.0027767734753034e-18,1.7463426710394601e-40,115.24863586544757,954.7912855126904
749.0835104366425,1.9475370409400066e-18,1.9602902963063955e-40,115.24863586544757,954.7912855126904
749.8750835003214,1.9288502196701793e-18,1.9316942001214417e-40,115.24863586544757,954.7912855126904
751.2382046622364,1.8205072676280553e-18,2.0998797523966155e-40,115.24863586544757,954.7912855126904
751.9977309029595,2.0284293873425805e-18,1.677362512097333e-40,115.24863586544757,954.7912855126904
752.9347935874424,1.9149901831998382e-18,2.120836112493702e-40,115.24863586544757,954.7912855126904
753.9257408840566,1.967499409957803e-18,1.852957261284365e-40,115.24863586544757,954.7912855126904
755.1958562018336,2.041148661299068e-18,1.9794010742713613e-40,115.24863586544757,954.7912855126904
755.535355569756,1.980290808112393e-18,1.939864819502735e-40,115.24863586544757,954.7912855126904
756.8508418350693,2.0034642144111927e-18,2.0233878900763496e-40,115.24863586544757,954.7912855126904
757.6876764618091,1.8467922539307017e-18,1.774480452526572e-40,115.24863586544757,954.7912855126904
758.9454754176923,1.977683473808802e-18,1.9346539799761483e-40,115.24863586544757,954.7912855126904
760.4422074870809,1.8981511318922525e-18,1.8979645309928826e-40,115.24863586544757,954.7912855126904
760.7595377489663,1.8950695692231456e-18,2.0259509434294763e-40,115.24863586544757,954.7912855126904
762.2903791869167,1.8016818289089477e-18,1.91906631999034e-40,115.24863586544757,954.7912855126904
762.8186939339943,2.0102985902379522e-18,1.9903348066108605e-40,115.24863586544757,954.7912855126904
763.9025941671791,1.921339051996213e-18,1.92133621442385e-40,115.24863586544757,954.7912855126904
764.9238770642643,2.0124158356629267e-18,2.073472600105601e-40,115.24863586544757,954.7912855126904
766.2082944867807,2.003167029744906e-18,2.1690027405437268e-40,115.24863586544757,954.7912855126904
766.6489240275365,1.9910342584306423e-18,1.9046368735102464e-40,115.24863586544757,954.7912855126904
768.0043467345696,2.0798037171195283e-18,1.836123205121023e-40,115.24863586544757,954.7912855126904
769.008437491479,1.986310524803216e-18,1.9828236195889913e-40,115.24863586544757,954.7912855126904
770.1671194245046,2.0855972888766517e-18,1.9382477451610257e-40,115.24863586544757,954.7912855126904
771.2677942440876,1.9598441937543547e-18,1.9982543053310253e-40,115.24863586544757,954.7912855126904
771.8382840716993,2.0278561629795017e-18,2.0491679052439956e-40,115.24863586544757,954.7912855126904
773.3215146069848,2.0084587797598884e-18,1.9813146668194617e-40,115.24863586544757,954.7912855126904
773.9713007090625,1.981608712622162e-18,1.9716547111712446e-40,115.24863586544757,954.7912855126904
774.934983490302,2.0415469596637135e-18,1.9814344774154215e-40,115.24863586544757,954.7912855126904
776.5177962830445,1.828165975872867e-18,2.0802581486265994e-40,115.24863586544757,954.7912855126904
776.6419843405222,2.137777524496388e-18,2.0401296370466546e-40,115.24863586544757,954.7912855126904
777.9256605382502,1.8558772550961695e-18,2.026454661862722e-40,115.24863586544757,954.7912855126904
778.8460393206313,1.9563050077711805e-18,2.0606887707331884e-40,115.24863586544757,954.7912855126904
780.2088777714246,2.059267346964088e-18,1.9300071776552007e-40,115.24863586544757,954.7912855126904
781.1973171503745,1.9698746808553408e-18,2.035034727332312e-40,115.24863586544757,954.7912855126904
781.9393907872075,2.1143817731698052e-18,1.9677835767480133e-40,115.24863586544757,954.7912855126904
783.1223167009582,1.940056028361689e-18,1.9598180477435005e-40,115.24863586544757,954.7912855126904
783.6687227143085,1.98437017023899e-18,2.0607952102985576e-40,115.24863586544757,954.7912855126904
785.1374175273514,2.1505082791708037e-18,2.0811897952974395e-40,115.24863586544757,954.7912855126904
785.9660233384043,2.1428341585444977e-18,2.0563704131409625e-40,115.24863586544757,954.7912855126904
786.8685833511806,2.0385362751804004e-18,1.9638068334825176e-40,115.24863586544757,954.7912855126904
787.9470065500034,1.99603610137108e-18,1.913463190316876e-40,115.24863586544757,954.7912855126904
789.0447786909779,1.9344985134298827e-18,1.970163575342105e-40,115.24863586544757,954.7912855126904
790.2643330103164,2.0275424461812685e-18,2.1890785029689626e-40,115.24863586544757,954.7912855126904
790.8911551742943,2.0539601128925432e-18,2.113157730978314e-40,115.24863586544757,954.7912855126904
791.6229761283008,2.005957569766365e-18,2.12529459228866e-40,115.24863586544757,954.7912855126904
793.0406757883346,1.958693470755242e-18,2.0123464856168956e-40,115.24863586544757,954.7912855126904
794.3966215688149,1.9463441756576737e-18,2.078286272648317e-40,115.24863586544757,954.7912855126904
795.4169226581587,2.088341587357772e-18,2.129844861442273e-40,115.24863586544757,954.7912855126904
795.8472671400475,1.9690626157625657e-18,2.110267042043889e-40,115.24863586544757,954.7912855126904
796.7944068024875,1.970086179887849e-18,2.0797397390969097e-40,115.24863586544757,954.7912855126904
798.0800384812086,2.0647332892449848e-18,2.295815113173592e-40,115.24863586544757,954.7912855126904
798.8903488891197,2.0124837768960682e-18,2.1018406886231885e-40,115.24863586544757,954.7912855126904
800.2388556884824,1.969042491868094e-18,2.2861305737282953e-40,115.24863586544757,954.7912855126904
800.9304296729915,1.9812788533314667e-18,2.0678317355813687e-40,115.24863586544757,954.7912855126904
802.0139127960684,1.9894903262921867e-18,2.148805493698357e-40,115.24863586544757,954.7912855126904
803.0000336945592,2.065599616246771e-18,1.932422704864049e-40,115.24863586544757,954.7912855126904
804.1192160642962,2.22842283870801e-18,2.0778331958561878e-40,115.24863586544757,954.7912855126904
804.9330567844773,2.1467426489950734e-18,2.183609727334964e-40,115.24863586544757,954.7912855126904
805.5963917748007,2.0727041240491363e-18,2.2248724882693616e-40,115.24863586544757,954.7912855126904
806.7787194820186,2.0643257828484454e-18,2.075369016906746e-40,115.24863586544757,954.7912855126904
807.980538528447,2.0039846063982414e-18,2.0868474705511065e-40,115.24863586544757,954.7912855126904
808.9503438451911,2.1035273460605306e-18,2.06748738372868e-40,115.24863586544757,954.7912855126904
809.8811628251307,2.0014459145818614e-18,2.2548668382861727e-40,115.24863586544757,954.7912855126904
810.6611668077087,2.083619735692513e-18,2.1455416284887667e-40,115.24863586544757,954.7912855126904
812.1998374169926,1.9881168257568844e-18,2.133451361826285e-40,115.24863586544757,954.7912855126904
812.8564611006869,2.1233810565643967e-18,2.2296094425017987e-40,115.24863586544757,954.7912855126904
814.1493341106806,2.0055118519053736e-18,2.131294307591242e-40,115.24863586544757,954.7912855126904
815.0118607505119,2.0719682467975247e-18,2.2738251834964574e-40,115.24863586544757,954.7912855126904
815.9154205204411,2.071462908581078e-18,2.15899202320218e-40,115.24863586544757,954.7912855126904
816.6761775867834,2.2057275961714576e-18,2.156200668475224e-40,115.24863586544757,954.7912855126904
818.0252756219301,2.113250330634273e-18,2.356957184262194e-40,115.24863586544757,954.7912855126904
819.1398183140234,2.0883205065427025e-18,2.3803639318672846e-40,115.24863586544757,954.7912855126904
819.8256334543967,2.056079939393461e-18,2.0684026047916028e-40,115.24863586544757,954.7912855126904
820.9709579839016,2.263507763288478e-18,2.249833774655116e-40,115.24863586544757,954.7912855126904
822.1407210035894,2.0446109047095923e-18,2.429578902012259e-40,115.24863586544757,954.7912855126904
822.6340310608949,2.1496434300193926e-18,2.1466051504673e-40,115.24863586544757,954.7912855126904
823.8712930800857,2.0342941776975617e-18,2.400084822485594e-40,115.24863586544757,954.7912855126904
825.0877731314305,2.139009949121009e-18,2.244645337828836e-40,115.24863586544757,954.7912855126904
825.9851331531552,1.9878578220751786e-18,2.218768474210762e-40,115.24863586544757,954.7912855126904
826.482493216317,2.257346020081793e-18,2.251269085638585e-40,115.24863586544757,954.7912855126904
827.9537545578053,2.219670111770428e-18,2.2841978761760363e-40,115.24863586544757,954.7912855126904
828.947964221181,2.1373511094056113e-18,2.197483298130102e-40,115.24863586544757,954.7912855126904
830.0409226108585,2.2028019453121713e-18,2.275678382154143e-40,115.24863586544757,954.7912855126904
831.0380591366259,2.2379152152610002e-18,2.3954346146523462e-40,115.24863586544757,954.7912855126904
832.2402663794614,2.19362031683815e-18,2.3300845458318912e-40,115.24863586544757,954.7912855126904
833.0168642979122,2.036479329819965e-18,2.3737293567544084e-40,115.24863586544757,954.7912855126904
834.1871861906653,2.220857956688972e-18,2.2854748327496276e-40,115.24863586544757,954.7912855126904
834.8075346558282,2.100569863455723e-18,2.3431365092587475e-40,115.24863586544757,954.7912855126904
835.5240214628187,2.1070620879152035e-18,2.373566088412224e-40,115.24863586544757,954.7912855126904
836.9975198820205,2.0323455628306977e-18,2.2868319776017844e-40,115.24863586544757,954.7912855126904
838.2131475019733,2.1451544884234764e-18,2.3481995371524092e-40,115.24863586544757,954.7912855126904
838.9721013267841,2.074449326853637e-18,2.4784675071567945e-40,115.24863586544757,954.7912855126904
840.1584043410872,2.2951265174654394e-18,2.289732914719191e-40,115.24863586544757,954.7912855126904
840.8852259551362,2.1251853655617924e-18,2.387174575274639e-40,115.24863586544757,954.7912855126904
842.1249672848945,2.201685623147089e-18,2.4915198618716592e-40,115.24863586544757,954.7912855126904
843.0949469282733,2.1903472311432398e-18,2.3848201994774183e-40,115.24863586544757,954.7912855126904
844.0935898806973,2.2187355209004752e-18,2.2250541683547655e-40,115.24863586544757,954.7912855126904
845.1344777653082,2.3459321320446684e-18,2.2274305053725896e-40,115.24863586544757,954.7912855126904
846.0099425935321,2.2428005225214676e-18,2.4046537535535554e-40,115.24863586544757,954.7912855126904
846.6264959820252,2.1950340165551045e-18,2.3417774758134164e-40,115.24863586544757,954.7912855126904
847.8176541227508,2.2391812680776323e-18,2.4018142650375015e-40,115.24863586544757,954.7912855126904
849.0001214000295,2.1672415533083962e-18,2.3155844495721538e-40,115.24863586544757,954.7912855126904
850.2251516309766,2.1083714251980634e-18,2.3854951505434007e-40,115.24863586544757,954.7912855126904
850.6027038517684,2.190291087964098e-18,2.4214028436250534e-40,115.24863586544757,954.7912855126904
851.8662449265694,2.2029246582352936e-18,2.5253149739406508e-40,115.24863586544757,954.7912855126904
853.197614562513,2.126284438623879e-18,2.4518121742493966e-40,115.24863586544757,954.7912855126904
854.0494379939104,2.1763575933765287e-18,2.4297858020759492e-40,115.24863586544757,954.7912855126904
855.1430467366624,2.2520504848923665e-18,2.3544148274782204e-40,115.24863586544757,954.7912855126904
856.185141919114,2.354815404121885e-18,2.3678544684675383e-40,115.24863586544757,954.7912855126904
856.9192697730349,2.2575315297315048e-18,2.531390816997728e-40,115.24863586544757,954.7912855126904
857.9862378496373,2.104859176796045e-18,2.3796692154208563e-40,115.24863586544757,954.7912855126904
859.2820041101604,2.252660540869907e-18,2.5677360438976137e-40,115.24863586544757,954.7912855126904
859.9238126631146,2.2819355306631125e-18,2.4254600549754046e-40,115.24863586544757,954.7912855126904
861.1461939751125,2.200070414765829e-18,2.4597007737618322e-40,115.24863586544757,954.7912855126904
862.0920477185466,2.1988105594029692e-18,2.3728315320275763e-40,115.24863586544757,954.7912855126904
862.8909832410326,2.214203480931474e-18,2.4715955249715514e-40,115.24863586544757,954.7912855126904
863.6763934486075,2.165180166108393e-18,2.4431690030489463e-40,115.24863586544757,954.7912855126904
865.0313489171298,2.328744372403551e-18,2.4809347865561945e-40,115.24863586544757,954.7912855126904
866.0757294331049,2.1177773873811577e-18,2.2462382155481753e-40,115.24863586544757,954.7912855126904
867.2087417489206,2.277983317973926e-18,2.3321319744752143e-40,115.24863586544757,954.7912855126904
868.3857902681308,2.3313250649385827e-18,2.4157177181264623e-40,115.24863586544757,954.7912855126904
869.0749102367196,2.2944128879480193e-18,2.6944995852415554e-40,115.24863586544757,954.7912855126904
870.0078353860349,2.2937551335728914e-18,2.5600037254576994e-40,115.24863586544757,954.7912855126904
870.8846546362844,2.249051301290109e-18,2.4570812481372463e-40,115.24863586544757,954.7912855126904
871.838182402169,2.28729212043932e-18,2.3957919899008546e-40,115.24863586544757,954.7912855126904
872.7623044286021,2.2847881197237425e-18,2.505396306018704e-40,115.24863586544757,954.7912855126904
874.0591230579447,2.216431208861723e-18,2.4918114347939665e-40,115.24863586544757,954.7912855126904
874.9148586404365,2.1586896318244732e-18,2.513801317693807e-40,115.24863586544757,954.7912855126904
875.8500953892672,2.3639102527911006e-18,2.5245317393130667e-40,115.24863586544757,954.7912855126904
876.6192819071939,2.187645633256445e-18,2.663801587482034e-40,115.24863586544757,954.7912855126904
877.9014364338301,2.115736182945779e-18,2.4587740982402744e-40,115.24863586544757,954.7912855126904
879.2945023115038,2.2398212072528746e-18,2.5810132594497122e-40,115.24863586544757,954.7912855126904
879.6999234893262,2.3657454292369525e-18,2.586289498366437e-40,115.24863586544757,954.7912855126904
881.103823712047,2.3268031607815347e-18,2.6252925714874236e-40,115.24863586544757,954.7912855126904
882.1913735216215,2.2123611509440272e-18,2.5305299548580047e-40,115.24863586544757,954.7912855126904
882.9514580776312,2.2816417134479407e-18,2.4112034082637348e-40,115.24863586544757,954.7912855126904
883.7475275761391,2.249744498729514e-18,2.698499902478076e-40,115.24863586544757,954.7912855126904
884.9672812031067,2.327536619524912e-18,2.420768392952083e-40,115.24863586544757,954.7912855126904
886.2939732430802,2.2660004424276838e-18,2.6269142063617677e-40,115.24863586544757,954.7912855126904
886.8229308791474,2.2943020997690213e-18,2.535762751934045e-40,115.24863586544757,954.7912855126904
887.8891967175032,2.3086317445671227e-18,2.507272153377173e-40,115.24863586544757,954.7912855126904
889.0357024158103,2.34616788571209e-18,2.684364988837708e-40,115.24863586544757,954.7912855126904
890.1994926611126,2.2580137623345564e-18,2.7109709961401807e-40,115.24863586544757,954.7912855126904
891.1520095122728,2.2562181826437613e-18,2.5973804017646234e-40,115.24863586544757,954.7912855126904
892.4264656044982,2.251666899287255e-18,2.6259979009848898e-40,115.24863586544757,954.7912855126904
892.6268974521887,2.2955861759330424e-18,2.7434563185384763e-40,115.24863586544757,954.7912855126904
893.7503138755955,2.2794480454882185e-18,2.7013750504663924e-40,115.24863586544757,954.7912855126904
895.0494327298575,2.2941367811768925e-18,2.5149309677824254e-40,115.24863586544757,954.7912855126904
895.8475951896144,2.2156595108342425e-18,2.6211721245204476e-40,115.24863586544757,954.7912855126904
896.9358890046307,2.198269582780503e-18,2.563573882680395e-40,115.24863586544757,954.7912855126904
897.755012945828,2.3839637796752915e-18,2.5845906548487046e-40,115.24863586544757,954.7912855126904
899.2488983990194,2.4062536586242367e-18,2.781472022635389e-40,115.24863586544757,954.7912855126904
900.1082940596059,2.3532888845909973e-18,2.66947241404113e-40,115.24863586544757,954.7912855126904
900.7262497557566,2.388069043029622e-18,2.7494285508889983e-40,115.24863586544757,954.7912855126904
902.1768884285792,2.355725523906578e-18,2.8304748557739324e-40,115.24863586544757,954.7912855126904
903.313680420321,2.295657698715405e-18,2.750467795114249e-40,115.24863586544757,954.7912855126904
904.2332109739087,2.212862214066951e-18,2.686036192945753e-40,115.24863586544757,954.7912855126904
905.2205936945699,2.3078622415919832e-18,2.5531219010695576e-40,115.24863586544757,954.7912855126904
906.1959984713222,2.1409886590710885e-18,2.7090640912740436e-40,115.24863586544757,954.7912855126904
906.8082966070359,2.240126439045298e-18,2.676557285642039e-40,115.24863586544757,954.7912855126904
907.7138563706237,2.2581538812470777e-18,2.5327698258360382e-40,115.24863586544757,954.7912855126904
909.3480205459234,2.4002275480391753e-18,2.829206666503699e-40,115.24863586544757,954.7912855126904
909.8018629190053,2.2961665696229298e-18,2.7444354217127853e-40,115.24863586544757,954.7912855126904
911.1750533624355,2.3439287027938995e-18,2.7379395025402777e-40,115.24863586544757,954.7912855126904
912.1515316841652,2.4094129033763796e-18,2.729093516886009e-40,115.24863586544757,954.7912855126904
913.1991947242323,2.4065741653018587e-18,2.64158299134951e-40,115.24863586544757,954.7912855126904
914.3674285480569,2.2725481856473297e-18,2.8388602532150824e-40,115.24863586544757,954.7912855126904
915.0297696640974,2.3289619467170806e-18,2.6673301933727433e-40,115.24863586544757,954.7912855126904
915.8485277329668,2.4216826444657516e-18,2.550990398920026e-40,115.24863586544757,954.7912855126904
917.0328370548901,2.498311308996779e-18,2.8512855078953304e-40,115.24863586544757,954.7912855126904
918.1232150318301,2.43379207245967e-18,2.9097954761578624e-40,115.24863586544757,954.7912855126904
919.141018988553,2.2221607236280447e-18,2.899372228590364e-40,115.24863586544757,954.7912855126904
920.0370210261741,2.3943085092619675e-18,2.8051005041982922e-40,115.24863586544757,954.7912855126904
921.5814456863038,2.367813985234899e-18,2.6631982390631077e-40,115.24863586544757,954.7912855126904
921.9389633986458,2.3846876723793925e-18,2.7857343098430167e-40,115.24863586544757,954.7912855126904
922.9664046865079,2.4019453243076506e-18,2.6212399100066566e-40,115.24863586544757,954.7912855126904
924.1228925271317,2.4128206757262315e-18,2.8580001043608067e-40,115.24863586544757,954.7912855126904
925.0433038488331,2.4082167175721175e-18,2.7513844208521457e-40,115.24863586544757,954.7912855126904
926.0903566008353,2.2328551638189354e-18,2.9669138976580034e-40,115.24863586544757,954.7912855126904
927.1918771577068,2.2731583845031416e-18,2.795428360315003e-40,115.24863586544757,954.7912855126904
927.9773452810466,2.472132641404246e-18,2.7791895881795727e-40,115.24863586544757,954.7912855126904
929.2995999110949,2.4543578735324173e-18,2.8506802707898677e-40,115.24863586544757,954.7912855126904
930.1698526309623,2.467726988849301e-18,2.7979027913872785e-40,115.24863586544757,954.7912855126904
930.861071258498,2.3078958362829357e-18,2.7868437018093654e-40,115.24863586544757,954.7912855126904
931.8695900596539,2.5218635285228924e-18,2.826006744050243e-40,115.24863586544757,954.7912855126904
933.141992211707,2.416697318752414e-18,2.7395559945870635e-40,115.24863586544757,954.7912855126904
933.9299211614144,2.229669268755143e-18,3.0261019931618272e-40,115.24863586544757,954.7912855126904
935.283700275645,2.2968284048485004e-18,2.8525931545770425e-40,115.24863586544757,954.7912855126904
935.9816543264519,2.428743183537072e-18,3.0894732949744324e-40,115.24863586544757,954.7912855126904
936.9025904500957,2.4061657843932486e-18,3.0373376658528053e-40,115.24863586544757,954.7912855126904
937.9614266360733,2.438075202340705e-18,2.8317041789965846e-40,115.24863586544757,954.7912855126904
938.7331077723529,2.521195891750781e-18,2.909213547113389e-40,115.24863586544757,954.7912855126904
939.866754571576,2.4095634434726326e-18,2.907307667606786e-40,115.24863586544757,954.7912855126904
940.9771411898638,2.5710102150866187e-18,2.8916599184410025e-40,115.24863586544757,954.7912855126904
941.7583865273158,2.3839165090514826e-18,2.8645960970382547e-40,115.24863586544757,954.7912855126904
943.0451003611423,2.347683716809459e-18,2.8170070397396e-40,115.24863586544757,954.7912855126904
943.9544066102984,2.2806569543331283e-18,2.994180953928033e-40,115.24863586544757,954.7912855126904
944.5700681474807,2.523295665961231e-18,2.9521447942114876e-40,115.24863586544757,954.7912855126904
945.9283801792997,2.4921318403882344e-18,2.9768449221212167e-40,115.24863586544757,954.7912855126904
947.008416557336,2.3797927085878735e-18,2.9906919226066427e-40,115.24863586544757,954.7912855126904
949.1094834578457,2.5014944841266327e-18,3.014428213437472e-40,115.24863586544757,954.7912855126904
950.0488097239307,2.4277947804414657e-18,3.1236681829994456e-40,115.24863586544757,954.7912855126904
950.6381933767432,2.438972780677154e-18,3.065335235531138e-40,115.24863586544757,954.7912855126904
951.9589690167874,2.585875528175276e-18,2.9530661000086645e-40,115.24863586544757,954.7912855126904
952.8268682222531,2.5133584268009833e-18,2.9971085000574967e-40,115.24863586544757,954.7912855126904
953.8330066961922,2.323661304663765e-18,3.0039890721489742e-40,115.24863586544757,954.7912855126904
955.1223262122788,2.492972942038424e-18,3.0185770907088102e-40,115.24863586544757,954.7912855126904
955.850975861868,2.4651210740554448e-18,2.893690191029121e-40,115.24863586544757,954.7912855126904
956.7405252696914,2.4870234787672495e-18,3.162765449307752e-40,115.24863586544757,954.7912855126904
957.8604738839545,2.4532280005024766e-18,3.0026748188851547e-40,115.24863586544757,954.7912855126904
958.8101013807028,2.5321629029782937e-18,3.1648818140416523e-40,115.24863586544757,954.7912855126904
960.1266848091215,2.3860130245702986e-18,3.1259418314142728e-40,115.24863586544757,954.7912855126904
960.7697016627111,2.516117390037845e-18,3.093583059815583e-40,115.24863586544757,954.7912855126904
961.8157941628386,2.4449633355305803e-18,3.0265335534046376e-40,115.24863586544757,954.7912855126904
962.888858220679,2.464649369354685e-18,2.932480209980242e-40,115.24863586544757,954.7912855126904
964.0255703996878,2.496181798380692e-18,3.2210477627544066e-40,115.24863586544757,954.7912855126904
964.8368748330847,2.3786394489809916e-18,3.0010125662640194e-40,115.24863586544757,954.7912855126904
966.1854672777764,2.4781344752231832e-18,3.2608582875520263e-40,115.24863586544757,954.7912855126904
967.1978530276004,2.5156771674783773e-18,3.2104472411578997e-40,115.24863586544757,954.7912855126904
968.1390400685083,2.5300445700972535e-18,3.0241939438934332e-40,115.24863586544757,954.7912855126904
968.8818224148259,2.4535949997304965e-18,3.3503066573092016e-40,115.24863586544757,954.7912855126904
969.8227847871361,2.4458885827947473e-18,3.000038046710393e-40,115.24863586544757,954.7912855126904
971.1777194512126,2.6453789182490286e-18,3.1738242219997536e-40,115.24863586544757,954.7912855126904
971.6153564139506,2.502953510647137e-18,3.1953272527537286e-40,115.24863586544757,954.7912855126904
972.8423777045649,2.3958180329619016e-18,3.0147847682909747e-40,115.24863586544757,954.7912855126904
973.9238800318107,2.589449213389883e-18,3.056751531943454e-40,115.24863586544757,954.7912855126904
974.8837796933242,2.3728457123561e-18,3.113913210265702e-40,115.24863586544757,954.7912855126904
975.7692581152622,2.3270741676847465e-18,3.331259848922956e-40,115.24863586544757,954.7912855126904
976.797475858534,2.436865862758103e-18,3.246142993681803e-40,115.24863586544757,954.7912855126904
978.3131650755764,2.5213737148366966e-18,3.177540165852737e-40,115.24863586544757,954.7912855126904
979.1857171658289,2.484049682008076e-18,3.125510447603018e-40,115.24863586544757,954.7912855126904
979.9287017434426,2.541083051897413e-18,3.2826065624322082e-40,115.24863586544757,954.7912855126904
980.7939921723079,2.3766959677064984e-18,3.1852943669383157e-40,115.24863586544757,954.7912855126904
981.795886448367,2.601494388826222e-18,3.1531660512707707e-40,115.24863586544757,954.7912855126904
982.7363325112453,2.524139436402743e-18,3.3190455696893556e-40,115.24863586544757,954.7912855126904
984.1824558233728,2.47252153862598e-18,3.1135766056664184e-40,115.24863586544757,954.7912855126904
985.0261284250546,2.540831660444123e-18,3.3179560400623826e-40,115.24863586544757,954.7912855126904
986.0221982344075,2.484767554385392e-18,3.091579235952598e-40,115.24863586544757,954.7912855126904
987.0574463986793,2.567021929055442e-18,3.235600424014279e-40,115.24863586544757,954.7912855126904
987.8821268869585,2.5560786949748913e-18,3.3046618683958703e-40,115.24863586544757,954.7912855126904
988.5868460126496,2.5270706374959085e-18,3.1917475919394226e-40,115.24863586544757,954.7912855126904
990.0744245186656,2.603532474896178e-18,3.161572130044563e-40,115.24863586544757,954.7912855126904
990.7041961364831,2.4011379217910963e-18,3.311875504119682e-40,115.24863586544757,954.7912855126904
991.8191751460445,2.547000633154974e-18,3.460776381066936e-40,115.24863586544757,954.7912855126904
993.5922270776792,2.346736753629928e-18,3.3885099353947044e-40,115.24863586544757,954.7912855126904
994.1227426184206,2.6142066634451135e-18,3.0012165906232556e-40,115.24863586544757,954.7912855126904
994.6961033404145,2.4674475500631175e-18,3.2006795408041333e-40,115.24863586544757,954.7912855126904
996.189964620629,2.56630739151372e-18,3.2928722606025728e-40,115.24863586544757,954.7912855126904
997.4008751803917,2.4914795319035428e-18,3.137605589232609e-40,115.24863586544757,954.7912855126904
997.9788834482981,2.5292310704365797e-18,3.334300218476656e-40,115.24863586544757,954.7912855126904
999.0175171482452,2.5947457379038975e-18,3.3303481684401455e-40,115.24863586544757,954.7912855126904
1000.1099016816084,2.6961765965652452e-18,3.402316892291052e-40,115.24863586544757,954.7912855126904
